festival,edition_year,wayback_timestamp,source_url,product_id,product_name,product_type,price_eur,price_excluding_service_costs_eur,service_costs_eur,sold_out,categories_json,snapshot_keyword_context,attribution_note,confidence,source_file
Awakenings Festival,2025,20240416161001,https://shopapi.id-t.com/api/v2/products,paylogic_141f9270a7f445ce80e3b1a39d67c6e9,Saturday - Locker Standard,ticket,10.5,9.5,1,False,"[{""nl"": ""Lockers"", ""pt"": ""saturday""}]",awakenings,shopapi snapshot has no event/shop id or referrer; do not promote unless matched to an official Awakenings 2025 page snapshot,unattributed_wayback_shopapi_candidate,data\raw\awakenings_wayback_shopapi_probe\products_20240416161001.json
Awakenings Festival,2025,20240416161001,https://shopapi.id-t.com/api/v2/products,paylogic_1b173e60e7c9477dbd1d48e33fa21e9a,Saturday | Loyalty ticket,ticket,79,71.82,7.18,True,"[{""nl"": ""Entree tickets"", ""pt"": ""saturday""}]",awakenings,shopapi snapshot has no event/shop id or referrer; do not promote unless matched to an official Awakenings 2025 page snapshot,unattributed_wayback_shopapi_candidate,data\raw\awakenings_wayback_shopapi_probe\products_20240416161001.json
Awakenings Festival,2025,20240416161001,https://shopapi.id-t.com/api/v2/products,paylogic_25aae3413a8343cda4a270c2da7709f1,Weekend | Regular ticket,ticket,143,130,13,False,"[{""nl"": ""Entree tickets"", ""pt"": ""weekend""}]",awakenings,shopapi snapshot has no event/shop id or referrer; do not promote unless matched to an official Awakenings 2025 page snapshot,unattributed_wayback_shopapi_candidate,data\raw\awakenings_wayback_shopapi_probe\products_20240416161001.json
Awakenings Festival,2025,20240416161001,https://shopapi.id-t.com/api/v2/products,paylogic_39a637be16d944c38dd948bbf56affad,Sunday - Shuttle Sloterdijk,ticket,7.95,7.25,0.7,False,"[{""nl"": ""Reizen"", ""pt"": ""sunday""}]",awakenings,shopapi snapshot has no event/shop id or referrer; do not promote unless matched to an official Awakenings 2025 page snapshot,unattributed_wayback_shopapi_candidate,data\raw\awakenings_wayback_shopapi_probe\products_20240416161001.json
Awakenings Festival,2025,20240416161001,https://shopapi.id-t.com/api/v2/products,paylogic_3a157c20de4d44beb345c22e55d8e926,Sunday | Loyalty ticket,ticket,64,58.18,5.82,True,"[{""nl"": ""Entree tickets"", ""pt"": ""sunday""}]",awakenings,shopapi snapshot has no event/shop id or referrer; do not promote unless matched to an official Awakenings 2025 page snapshot,unattributed_wayback_shopapi_candidate,data\raw\awakenings_wayback_shopapi_probe\products_20240416161001.json
Awakenings Festival,2025,20240416161001,https://shopapi.id-t.com/api/v2/products,paylogic_4435a1911b024226b05c4faaee3550df,Weekend - Parking,ticket,38,35,3,False,"[{""nl"": ""Reizen-2"", ""pt"": ""weekend""}]",awakenings,shopapi snapshot has no event/shop id or referrer; do not promote unless matched to an official Awakenings 2025 page snapshot,unattributed_wayback_shopapi_candidate,data\raw\awakenings_wayback_shopapi_probe\products_20240416161001.json
Awakenings Festival,2025,20240416161001,https://shopapi.id-t.com/api/v2/products,paylogic_718e530831da45aea7f6e6d5d4431237,Travel OSS,ticket,0,0,0,False,"[{""nl"": ""Accomodatie""}]",awakenings,shopapi snapshot has no event/shop id or referrer; do not promote unless matched to an official Awakenings 2025 page snapshot,unattributed_wayback_shopapi_candidate,data\raw\awakenings_wayback_shopapi_probe\products_20240416161001.json
Awakenings Festival,2025,20240416161001,https://shopapi.id-t.com/api/v2/products,paylogic_7dab92b9281d40b6a697c8e81ef33eef,Sunday  - Locker Large,ticket,14.75,13.5,1.25,False,"[{""nl"": ""Lockers"", ""pt"": ""sunday""}]",awakenings,shopapi snapshot has no event/shop id or referrer; do not promote unless matched to an official Awakenings 2025 page snapshot,unattributed_wayback_shopapi_candidate,data\raw\awakenings_wayback_shopapi_probe\products_20240416161001.json
Awakenings Festival,2025,20240416161001,https://shopapi.id-t.com/api/v2/products,paylogic_90e8bf0b41ee4f5a8a5b635ee60124af,Saturday - Parking,ticket,25,23,2,False,"[{""nl"": ""Reizen-2"", ""pt"": ""saturday""}]",awakenings,shopapi snapshot has no event/shop id or referrer; do not promote unless matched to an official Awakenings 2025 page snapshot,unattributed_wayback_shopapi_candidate,data\raw\awakenings_wayback_shopapi_probe\products_20240416161001.json
Awakenings Festival,2025,20240416161001,https://shopapi.id-t.com/api/v2/products,paylogic_99dbdf7ca2514d318e64394cb371f577,Saturday - Locker Large,ticket,14.75,13.5,1.25,False,"[{""nl"": ""Lockers"", ""pt"": ""saturday""}]",awakenings,shopapi snapshot has no event/shop id or referrer; do not promote unless matched to an official Awakenings 2025 page snapshot,unattributed_wayback_shopapi_candidate,data\raw\awakenings_wayback_shopapi_probe\products_20240416161001.json
Awakenings Festival,2025,20240416161001,https://shopapi.id-t.com/api/v2/products,paylogic_9eb9132a13db49009a7931d5257e3d52,Weekend | Loyalty ticket,ticket,135.5,123.18,12.32,True,"[{""nl"": ""Entree tickets"", ""pt"": ""weekend""}]",awakenings,shopapi snapshot has no event/shop id or referrer; do not promote unless matched to an official Awakenings 2025 page snapshot,unattributed_wayback_shopapi_candidate,data\raw\awakenings_wayback_shopapi_probe\products_20240416161001.json
Awakenings Festival,2025,20240416161001,https://shopapi.id-t.com/api/v2/products,paylogic_a75695c400f649baab6c2bb1fddf8e2d,Saturday - Shuttle Sloterdijk,ticket,7.95,7.25,0.7,False,"[{""nl"": ""Reizen"", ""pt"": ""saturday""}]",awakenings,shopapi snapshot has no event/shop id or referrer; do not promote unless matched to an official Awakenings 2025 page snapshot,unattributed_wayback_shopapi_candidate,data\raw\awakenings_wayback_shopapi_probe\products_20240416161001.json
Awakenings Festival,2025,20240416161001,https://shopapi.id-t.com/api/v2/products,paylogic_a81936bb8e5c457787e9b1fba2c262ef,Saturday | Regular ticket,ticket,84,76.36,7.64,False,"[{""nl"": ""Entree tickets"", ""pt"": ""saturday""}]",awakenings,shopapi snapshot has no event/shop id or referrer; do not promote unless matched to an official Awakenings 2025 page snapshot,unattributed_wayback_shopapi_candidate,data\raw\awakenings_wayback_shopapi_probe\products_20240416161001.json
Awakenings Festival,2025,20240416161001,https://shopapi.id-t.com/api/v2/products,paylogic_a890a175ef5a497a9c835738bb6edaa8,Weekend - Locker Standard,ticket,20.5,19.25,1.25,False,"[{""nl"": ""Lockers"", ""pt"": ""weekend""}]",awakenings,shopapi snapshot has no event/shop id or referrer; do not promote unless matched to an official Awakenings 2025 page snapshot,unattributed_wayback_shopapi_candidate,data\raw\awakenings_wayback_shopapi_probe\products_20240416161001.json
Awakenings Festival,2025,20240416161001,https://shopapi.id-t.com/api/v2/products,paylogic_b00bd6c484f342cd854e959ac7448339,Sunday  - Locker Standard,ticket,10.5,9.5,1,False,"[{""nl"": ""Lockers"", ""pt"": ""sunday""}]",awakenings,shopapi snapshot has no event/shop id or referrer; do not promote unless matched to an official Awakenings 2025 page snapshot,unattributed_wayback_shopapi_candidate,data\raw\awakenings_wayback_shopapi_probe\products_20240416161001.json
Awakenings Festival,2025,20240416161001,https://shopapi.id-t.com/api/v2/products,paylogic_b3ec3580c85e4eaaa617ff4229c66567,Voucher OSS,ticket,0,0,0,False,"[{""nl"": ""Verzekering""}]",awakenings,shopapi snapshot has no event/shop id or referrer; do not promote unless matched to an official Awakenings 2025 page snapshot,unattributed_wayback_shopapi_candidate,data\raw\awakenings_wayback_shopapi_probe\products_20240416161001.json
Awakenings Festival,2025,20240416161001,https://shopapi.id-t.com/api/v2/products,paylogic_c6e3bd3d4f63433a8b466b3f6a906e7e,Sunday - Parking,ticket,25,23,2,False,"[{""nl"": ""Reizen-2"", ""pt"": ""sunday""}]",awakenings,shopapi snapshot has no event/shop id or referrer; do not promote unless matched to an official Awakenings 2025 page snapshot,unattributed_wayback_shopapi_candidate,data\raw\awakenings_wayback_shopapi_probe\products_20240416161001.json
Awakenings Festival,2025,20240416161001,https://shopapi.id-t.com/api/v2/products,paylogic_daefa12416fb4a078932cb1bc7eba95c,Sunday | Regular ticket,ticket,69,62.73,6.27,False,"[{""nl"": ""Entree tickets"", ""pt"": ""sunday""}]",awakenings,shopapi snapshot has no event/shop id or referrer; do not promote unless matched to an official Awakenings 2025 page snapshot,unattributed_wayback_shopapi_candidate,data\raw\awakenings_wayback_shopapi_probe\products_20240416161001.json
Awakenings Festival,2025,20240416161001,https://shopapi.id-t.com/api/v2/products,paylogic_e5f70fd97fc34f1bb11ada8cc8953aa1,Weekend - Shuttle Sloterdijk,ticket,15.5,14.5,1,False,"[{""nl"": ""Reizen"", ""pt"": ""weekend""}]",awakenings,shopapi snapshot has no event/shop id or referrer; do not promote unless matched to an official Awakenings 2025 page snapshot,unattributed_wayback_shopapi_candidate,data\raw\awakenings_wayback_shopapi_probe\products_20240416161001.json
Awakenings Festival,2025,20240416161001,https://shopapi.id-t.com/api/v2/products,paylogic_ea9a43f37d414f0a8c705a08fbf430e3,Weekend - Locker Large,ticket,28.5,27,1.5,False,"[{""nl"": ""Lockers"", ""pt"": ""weekend""}]",awakenings,shopapi snapshot has no event/shop id or referrer; do not promote unless matched to an official Awakenings 2025 page snapshot,unattributed_wayback_shopapi_candidate,data\raw\awakenings_wayback_shopapi_probe\products_20240416161001.json
Awakenings Festival,2025,20240430110130,https://shopapi.id-t.com/api/v2/products,paylogic_07bf4a3b7f454279900146b786d81073,Camping Ticket ,ticket,209.95,190.86,19.09,False,[],mysteryland,shopapi snapshot has no event/shop id or referrer; do not promote unless matched to an official Awakenings 2025 page snapshot,unattributed_wayback_shopapi_candidate,data\raw\awakenings_wayback_shopapi_probe\products_20240430110130.json
Awakenings Festival,2025,20240430110130,https://shopapi.id-t.com/api/v2/products,paylogic_08973238da0a463b8ca0422005102c30,SUNDAY: Park & Bike - rent 1 bike,ticket,22.5,22.5,0,False,[],mysteryland,shopapi snapshot has no event/shop id or referrer; do not promote unless matched to an official Awakenings 2025 page snapshot,unattributed_wayback_shopapi_candidate,data\raw\awakenings_wayback_shopapi_probe\products_20240430110130.json
Awakenings Festival,2025,20240430110130,https://shopapi.id-t.com/api/v2/products,paylogic_10cdbfe0b6914a4fac50e17e5fb96ba6,Saturday Lunch & Wine - Shift 2: 14:30 - 16:00,ticket,108,108,0,False,[],mysteryland,shopapi snapshot has no event/shop id or referrer; do not promote unless matched to an official Awakenings 2025 page snapshot,unattributed_wayback_shopapi_candidate,data\raw\awakenings_wayback_shopapi_probe\products_20240430110130.json
Awakenings Festival,2025,20240430110130,https://shopapi.id-t.com/api/v2/products,paylogic_11129d68fb654039adb97942210aaddf,SUNDAY: Park & Bike - rent 4 bikes,ticket,60,60,0,False,[],mysteryland,shopapi snapshot has no event/shop id or referrer; do not promote unless matched to an official Awakenings 2025 page snapshot,unattributed_wayback_shopapi_candidate,data\raw\awakenings_wayback_shopapi_probe\products_20240430110130.json
Awakenings Festival,2025,20240430110130,https://shopapi.id-t.com/api/v2/products,paylogic_14b7a8863ff24be19f2107afc16fb7d6,Early Bird Weekend Ticket (travel),ticket,160.95,146.32,14.63,False,"[{""en"": ""TRAVEL TICKETS"", ""nl"": ""TRAVEL TICKETS"", ""de"": ""TRAVEL TICKETS"", ""es"": ""TRAVEL TICKETS"", ""fr"": ""TRAVEL TICKETS"", ""pt"": ""TRAVEL TICKETS""}]",mysteryland,shopapi snapshot has no event/shop id or referrer; do not promote unless matched to an official Awakenings 2025 page snapshot,unattributed_wayback_shopapi_candidate,data\raw\awakenings_wayback_shopapi_probe\products_20240430110130.json
Awakenings Festival,2025,20240430110130,https://shopapi.id-t.com/api/v2/products,paylogic_16311e69996a412d8f6d3edcd81163c3,Saturday Ticket,ticket,119.95,109.05,10.9,False,[],mysteryland,shopapi snapshot has no event/shop id or referrer; do not promote unless matched to an official Awakenings 2025 page snapshot,unattributed_wayback_shopapi_candidate,data\raw\awakenings_wayback_shopapi_probe\products_20240430110130.json
Awakenings Festival,2025,20240430110130,https://shopapi.id-t.com/api/v2/products,paylogic_1cee758f274a46a5b81071e6aa1974d7,Sunday Ticket,ticket,85.95,78.14,7.81,False,[],mysteryland,shopapi snapshot has no event/shop id or referrer; do not promote unless matched to an official Awakenings 2025 page snapshot,unattributed_wayback_shopapi_candidate,data\raw\awakenings_wayback_shopapi_probe\products_20240430110130.json
Awakenings Festival,2025,20240430110130,https://shopapi.id-t.com/api/v2/products,paylogic_226acb278660460fa56b7dd708531c35,SATURDAY: Park & Bike - rent 1 bike,ticket,22.5,22.5,0,False,[],mysteryland,shopapi snapshot has no event/shop id or referrer; do not promote unless matched to an official Awakenings 2025 page snapshot,unattributed_wayback_shopapi_candidate,data\raw\awakenings_wayback_shopapi_probe\products_20240430110130.json
Awakenings Festival,2025,20240430110130,https://shopapi.id-t.com/api/v2/products,paylogic_252db3eb3ffa4379ae7d42c4614b3019,Premium Weekend Ticket (travel),ticket,329.95,299.95,30,False,"[{""en"": ""TRAVEL TICKETS"", ""nl"": ""TRAVEL TICKETS"", ""de"": ""TRAVEL TICKETS"", ""es"": ""TRAVEL TICKETS"", ""fr"": ""TRAVEL TICKETS"", ""pt"": ""TRAVEL TICKETS""}]",mysteryland,shopapi snapshot has no event/shop id or referrer; do not promote unless matched to an official Awakenings 2025 page snapshot,unattributed_wayback_shopapi_candidate,data\raw\awakenings_wayback_shopapi_probe\products_20240430110130.json
Awakenings Festival,2025,20240430110130,https://shopapi.id-t.com/api/v2/products,paylogic_266d5b186c1f468d9bae6badc36713b1,Parking Ticket - Weekend,ticket,36.5,36.5,0,False,[],mysteryland,shopapi snapshot has no event/shop id or referrer; do not promote unless matched to an official Awakenings 2025 page snapshot,unattributed_wayback_shopapi_candidate,data\raw\awakenings_wayback_shopapi_probe\products_20240430110130.json
Awakenings Festival,2025,20240430110130,https://shopapi.id-t.com/api/v2/products,paylogic_29bd2feb6ac24008a1942f219ac1195d,Late Camping Ticket,ticket,239.95,218.14,21.81,False,[],mysteryland,shopapi snapshot has no event/shop id or referrer; do not promote unless matched to an official Awakenings 2025 page snapshot,unattributed_wayback_shopapi_candidate,data\raw\awakenings_wayback_shopapi_probe\products_20240430110130.json
Awakenings Festival,2025,20240430110130,https://shopapi.id-t.com/api/v2/products,paylogic_2a501a1279bc42669bfe0dcc4eff55e2,Saturday Locker - Large,ticket,14.5,14.5,0,False,[],mysteryland,shopapi snapshot has no event/shop id or referrer; do not promote unless matched to an official Awakenings 2025 page snapshot,unattributed_wayback_shopapi_candidate,data\raw\awakenings_wayback_shopapi_probe\products_20240430110130.json
Awakenings Festival,2025,20240430110130,https://shopapi.id-t.com/api/v2/products,paylogic_3d3959170c064e2abc4477abde165049,Sunday VIP package,ticket,469,469,0,False,[],mysteryland,shopapi snapshot has no event/shop id or referrer; do not promote unless matched to an official Awakenings 2025 page snapshot,unattributed_wayback_shopapi_candidate,data\raw\awakenings_wayback_shopapi_probe\products_20240430110130.json
Awakenings Festival,2025,20240430110130,https://shopapi.id-t.com/api/v2/products,paylogic_3f64fb922d0342a6be41c6dfc05cfcba,Camping Locker - XL,ticket,36.5,36.5,0,False,[],mysteryland,shopapi snapshot has no event/shop id or referrer; do not promote unless matched to an official Awakenings 2025 page snapshot,unattributed_wayback_shopapi_candidate,data\raw\awakenings_wayback_shopapi_probe\products_20240430110130.json
Awakenings Festival,2025,20240430110130,https://shopapi.id-t.com/api/v2/products,paylogic_402d3163b916400b9a6dd7f9409ad9dc,Early Bird Sunday Ticket,ticket,79.95,72.68,7.27,False,[],mysteryland,shopapi snapshot has no event/shop id or referrer; do not promote unless matched to an official Awakenings 2025 page snapshot,unattributed_wayback_shopapi_candidate,data\raw\awakenings_wayback_shopapi_probe\products_20240430110130.json
Awakenings Festival,2025,20240430110130,https://shopapi.id-t.com/api/v2/products,paylogic_4561f294bf84418d8dd51c2cd12b89cc,Camping + Premium Weekend Ticket,ticket,359.95,327.23,32.72,False,[],mysteryland,shopapi snapshot has no event/shop id or referrer; do not promote unless matched to an official Awakenings 2025 page snapshot,unattributed_wayback_shopapi_candidate,data\raw\awakenings_wayback_shopapi_probe\products_20240430110130.json
Awakenings Festival,2025,20240430110130,https://shopapi.id-t.com/api/v2/products,paylogic_45b2dbf4926c4ac98ee1bd72e1c7d48e,Shuttle Bus - Camping,ticket,13.5,13.5,0,False,[],mysteryland,shopapi snapshot has no event/shop id or referrer; do not promote unless matched to an official Awakenings 2025 page snapshot,unattributed_wayback_shopapi_candidate,data\raw\awakenings_wayback_shopapi_probe\products_20240430110130.json
Awakenings Festival,2025,20240430110130,https://shopapi.id-t.com/api/v2/products,paylogic_46e96a95bfe946b9b99a05bba97d4cac,Early Bird Saturday Ticket (travel),ticket,109.95,99.95,10,False,"[{""en"": ""TRAVEL TICKETS"", ""nl"": ""TRAVEL TICKETS"", ""de"": ""TRAVEL TICKETS"", ""es"": ""TRAVEL TICKETS"", ""fr"": ""TRAVEL TICKETS"", ""pt"": ""TRAVEL TICKETS""}]",mysteryland,shopapi snapshot has no event/shop id or referrer; do not promote unless matched to an official Awakenings 2025 page snapshot,unattributed_wayback_shopapi_candidate,data\raw\awakenings_wayback_shopapi_probe\products_20240430110130.json
Awakenings Festival,2025,20240430110130,https://shopapi.id-t.com/api/v2/products,paylogic_4feba25e25f4458abc3d3655d843f36d,Sunday Lunch - Shift 2: 14:30 - 16:00,ticket,79,79,0,False,[],mysteryland,shopapi snapshot has no event/shop id or referrer; do not promote unless matched to an official Awakenings 2025 page snapshot,unattributed_wayback_shopapi_candidate,data\raw\awakenings_wayback_shopapi_probe\products_20240430110130.json
Awakenings Festival,2025,20240430110130,https://shopapi.id-t.com/api/v2/products,paylogic_545d2938f47042e9b33a8e2f1af17e70,Premium Sunday Ticket (travel),ticket,185.95,169.05,16.9,False,"[{""en"": ""TRAVEL TICKETS"", ""nl"": ""TRAVEL TICKETS"", ""de"": ""TRAVEL TICKETS"", ""es"": ""TRAVEL TICKETS"", ""fr"": ""TRAVEL TICKETS"", ""pt"": ""TRAVEL TICKETS""}]",mysteryland,shopapi snapshot has no event/shop id or referrer; do not promote unless matched to an official Awakenings 2025 page snapshot,unattributed_wayback_shopapi_candidate,data\raw\awakenings_wayback_shopapi_probe\products_20240430110130.json
Awakenings Festival,2025,20240430110130,https://shopapi.id-t.com/api/v2/products,paylogic_552db229900e441ab68268705afe6ec9,Premium Weekend Ticket,ticket,329.95,299.95,30,False,[],mysteryland,shopapi snapshot has no event/shop id or referrer; do not promote unless matched to an official Awakenings 2025 page snapshot,unattributed_wayback_shopapi_candidate,data\raw\awakenings_wayback_shopapi_probe\products_20240430110130.json
Awakenings Festival,2025,20240430110130,https://shopapi.id-t.com/api/v2/products,paylogic_6059bafcdf454d28a97c1a9b267239d4,Sunday Lunch & Wine - Shift 1: 12:30 - 14:00,ticket,108,108,0,False,[],mysteryland,shopapi snapshot has no event/shop id or referrer; do not promote unless matched to an official Awakenings 2025 page snapshot,unattributed_wayback_shopapi_candidate,data\raw\awakenings_wayback_shopapi_probe\products_20240430110130.json
Awakenings Festival,2025,20240430110130,https://shopapi.id-t.com/api/v2/products,paylogic_765868c98a7f4f099f910aa3811f3ad4,Parking Ticket - Saturday,ticket,26.5,26.5,0,False,[],mysteryland,shopapi snapshot has no event/shop id or referrer; do not promote unless matched to an official Awakenings 2025 page snapshot,unattributed_wayback_shopapi_candidate,data\raw\awakenings_wayback_shopapi_probe\products_20240430110130.json
Awakenings Festival,2025,20240430110130,https://shopapi.id-t.com/api/v2/products,paylogic_7a5cf37932734ceba50014cd4dfd7524,SUNDAY: Park & Bike - rent 2 bikes,ticket,30,30,0,False,[],mysteryland,shopapi snapshot has no event/shop id or referrer; do not promote unless matched to an official Awakenings 2025 page snapshot,unattributed_wayback_shopapi_candidate,data\raw\awakenings_wayback_shopapi_probe\products_20240430110130.json
Awakenings Festival,2025,20240430110130,https://shopapi.id-t.com/api/v2/products,paylogic_7dcf64f1814c482d8c2c9ee3f59e50cb,Weekend Locker - Large,ticket,23.5,23.5,0,False,[],mysteryland,shopapi snapshot has no event/shop id or referrer; do not promote unless matched to an official Awakenings 2025 page snapshot,unattributed_wayback_shopapi_candidate,data\raw\awakenings_wayback_shopapi_probe\products_20240430110130.json
Awakenings Festival,2025,20240430110130,https://shopapi.id-t.com/api/v2/products,paylogic_86812d6fb50244c69cc6c3c4f802e4e8,Saturday Lunch & Wine - Shift 1: 12:30 - 14:00,ticket,108,108,0,False,[],mysteryland,shopapi snapshot has no event/shop id or referrer; do not promote unless matched to an official Awakenings 2025 page snapshot,unattributed_wayback_shopapi_candidate,data\raw\awakenings_wayback_shopapi_probe\products_20240430110130.json
Awakenings Festival,2025,20240430110130,https://shopapi.id-t.com/api/v2/products,paylogic_8be3f2a8f0554df7acab2e073ec50937,Sunday Lunch & Wine - Shift 2: 14:30 - 16:00,ticket,108,108,0,False,[],mysteryland,shopapi snapshot has no event/shop id or referrer; do not promote unless matched to an official Awakenings 2025 page snapshot,unattributed_wayback_shopapi_candidate,data\raw\awakenings_wayback_shopapi_probe\products_20240430110130.json
Awakenings Festival,2025,20240430110130,https://shopapi.id-t.com/api/v2/products,paylogic_8c68bdfdc41e4697be349aac78493b9d,SATURDAY: Park & Bike - rent 4 bikes,ticket,60,60,0,False,[],mysteryland,shopapi snapshot has no event/shop id or referrer; do not promote unless matched to an official Awakenings 2025 page snapshot,unattributed_wayback_shopapi_candidate,data\raw\awakenings_wayback_shopapi_probe\products_20240430110130.json
Awakenings Festival,2025,20240430110130,https://shopapi.id-t.com/api/v2/products,paylogic_8f8e20dae9374a47b5b149a442131dfc,Shuttle Bus - Saturday,ticket,11,11,0,False,[],mysteryland,shopapi snapshot has no event/shop id or referrer; do not promote unless matched to an official Awakenings 2025 page snapshot,unattributed_wayback_shopapi_candidate,data\raw\awakenings_wayback_shopapi_probe\products_20240430110130.json
Awakenings Festival,2025,20240430110130,https://shopapi.id-t.com/api/v2/products,paylogic_902aa9b1277045e7b8303b0762ac10f9,Sunday Lunch - Shift 1: 12:30 - 14:00,ticket,79,79,0,False,[],mysteryland,shopapi snapshot has no event/shop id or referrer; do not promote unless matched to an official Awakenings 2025 page snapshot,unattributed_wayback_shopapi_candidate,data\raw\awakenings_wayback_shopapi_probe\products_20240430110130.json
Awakenings Festival,2025,20240430110130,https://shopapi.id-t.com/api/v2/products,paylogic_93294173c2ee47bcb4dd24850cb2ed30,Weekend Locker - Medium,ticket,19.5,19.5,0,False,[],mysteryland,shopapi snapshot has no event/shop id or referrer; do not promote unless matched to an official Awakenings 2025 page snapshot,unattributed_wayback_shopapi_candidate,data\raw\awakenings_wayback_shopapi_probe\products_20240430110130.json
Awakenings Festival,2025,20240430110130,https://shopapi.id-t.com/api/v2/products,paylogic_98301a506ad94ba1b9bcdd41f3dd27e2,Parking Ticket - Comfort Camping,ticket,89,89,0,False,[],mysteryland,shopapi snapshot has no event/shop id or referrer; do not promote unless matched to an official Awakenings 2025 page snapshot,unattributed_wayback_shopapi_candidate,data\raw\awakenings_wayback_shopapi_probe\products_20240430110130.json
Awakenings Festival,2025,20240430110130,https://shopapi.id-t.com/api/v2/products,paylogic_985868b3430f418f816ebd1570de5004,Sunday Locker - Large,ticket,14.5,14.5,0,False,[],mysteryland,shopapi snapshot has no event/shop id or referrer; do not promote unless matched to an official Awakenings 2025 page snapshot,unattributed_wayback_shopapi_candidate,data\raw\awakenings_wayback_shopapi_probe\products_20240430110130.json
Awakenings Festival,2025,20240430110130,https://shopapi.id-t.com/api/v2/products,paylogic_9a464b06802649c9b6d233ebc5e2d8e1,Premium Sunday Ticket,ticket,185.95,169.05,16.9,False,[],mysteryland,shopapi snapshot has no event/shop id or referrer; do not promote unless matched to an official Awakenings 2025 page snapshot,unattributed_wayback_shopapi_candidate,data\raw\awakenings_wayback_shopapi_probe\products_20240430110130.json
Awakenings Festival,2025,20240430110130,https://shopapi.id-t.com/api/v2/products,paylogic_9ba20a3ccbf2470bacce9f5ba7a6ee38,Camping Ticket (travel),ticket,209.95,190.86,19.09,False,"[{""en"": ""TRAVEL TICKETS"", ""nl"": ""TRAVEL TICKETS"", ""de"": ""TRAVEL TICKETS"", ""es"": ""TRAVEL TICKETS"", ""fr"": ""TRAVEL TICKETS"", ""pt"": ""TRAVEL TICKETS""}]",mysteryland,shopapi snapshot has no event/shop id or referrer; do not promote unless matched to an official Awakenings 2025 page snapshot,unattributed_wayback_shopapi_candidate,data\raw\awakenings_wayback_shopapi_probe\products_20240430110130.json
Awakenings Festival,2025,20240430110130,https://shopapi.id-t.com/api/v2/products,paylogic_9d336479f6fb4dffbf0d9160f51e5bf5,Premium Saturday Ticket,ticket,219.95,199.95,20,False,[],mysteryland,shopapi snapshot has no event/shop id or referrer; do not promote unless matched to an official Awakenings 2025 page snapshot,unattributed_wayback_shopapi_candidate,data\raw\awakenings_wayback_shopapi_probe\products_20240430110130.json
Awakenings Festival,2025,20240430110130,https://shopapi.id-t.com/api/v2/products,paylogic_a1c437027897427ca21d789c4f0460e3,SUNDAY: Park & Bike - rent 5 bikes,ticket,75,75,0,False,[],mysteryland,shopapi snapshot has no event/shop id or referrer; do not promote unless matched to an official Awakenings 2025 page snapshot,unattributed_wayback_shopapi_candidate,data\raw\awakenings_wayback_shopapi_probe\products_20240430110130.json
Awakenings Festival,2025,20240430110130,https://shopapi.id-t.com/api/v2/products,paylogic_a8227f5312a9457e8586e22379e1664b,Premium Saturday Ticket (travel),ticket,219.95,199.95,20,False,"[{""en"": ""TRAVEL TICKETS"", ""nl"": ""TRAVEL TICKETS"", ""de"": ""TRAVEL TICKETS"", ""es"": ""TRAVEL TICKETS"", ""fr"": ""TRAVEL TICKETS"", ""pt"": ""TRAVEL TICKETS""}]",mysteryland,shopapi snapshot has no event/shop id or referrer; do not promote unless matched to an official Awakenings 2025 page snapshot,unattributed_wayback_shopapi_candidate,data\raw\awakenings_wayback_shopapi_probe\products_20240430110130.json
Awakenings Festival,2025,20240430110130,https://shopapi.id-t.com/api/v2/products,paylogic_a90dd57f7a834ffea0520d4dedfe75b2,SUNDAY: Park & Bike - rent 3 bikes,ticket,45,45,0,False,[],mysteryland,shopapi snapshot has no event/shop id or referrer; do not promote unless matched to an official Awakenings 2025 page snapshot,unattributed_wayback_shopapi_candidate,data\raw\awakenings_wayback_shopapi_probe\products_20240430110130.json
Awakenings Festival,2025,20240430110130,https://shopapi.id-t.com/api/v2/products,paylogic_ac1bc5ee0075450994dd68e43a67cef9,Camping + Premium Weekend Ticket (travel),ticket,359.95,327.23,32.72,False,"[{""en"": ""TRAVEL TICKETS"", ""nl"": ""TRAVEL TICKETS"", ""de"": ""TRAVEL TICKETS"", ""es"": ""TRAVEL TICKETS"", ""fr"": ""TRAVEL TICKETS"", ""pt"": ""TRAVEL TICKETS""}]",mysteryland,shopapi snapshot has no event/shop id or referrer; do not promote unless matched to an official Awakenings 2025 page snapshot,unattributed_wayback_shopapi_candidate,data\raw\awakenings_wayback_shopapi_probe\products_20240430110130.json
Awakenings Festival,2025,20240430110130,https://shopapi.id-t.com/api/v2/products,paylogic_adfbdcfff69643b69ab18ecfdd618bea,Sunday Locker - Medium,ticket,11.5,11.5,0,False,[],mysteryland,shopapi snapshot has no event/shop id or referrer; do not promote unless matched to an official Awakenings 2025 page snapshot,unattributed_wayback_shopapi_candidate,data\raw\awakenings_wayback_shopapi_probe\products_20240430110130.json
Awakenings Festival,2025,20240430110130,https://shopapi.id-t.com/api/v2/products,paylogic_b1673fb533294b2ca70e2dc3c9842e5d,Early Bird Sunday Ticket (travel),ticket,79.95,72.68,7.27,False,"[{""en"": ""TRAVEL TICKETS"", ""nl"": ""TRAVEL TICKETS"", ""de"": ""TRAVEL TICKETS"", ""es"": ""TRAVEL TICKETS"", ""fr"": ""TRAVEL TICKETS"", ""pt"": ""TRAVEL TICKETS""}]",mysteryland,shopapi snapshot has no event/shop id or referrer; do not promote unless matched to an official Awakenings 2025 page snapshot,unattributed_wayback_shopapi_candidate,data\raw\awakenings_wayback_shopapi_probe\products_20240430110130.json
Awakenings Festival,2025,20240430110130,https://shopapi.id-t.com/api/v2/products,paylogic_b9e7d8660f8840809a31a98a8b3f926d,Weekend Ticket,ticket,175.95,159.95,16,False,[],mysteryland,shopapi snapshot has no event/shop id or referrer; do not promote unless matched to an official Awakenings 2025 page snapshot,unattributed_wayback_shopapi_candidate,data\raw\awakenings_wayback_shopapi_probe\products_20240430110130.json
Awakenings Festival,2025,20240430110130,https://shopapi.id-t.com/api/v2/products,paylogic_bc15100e0f9d413ab6f6f4870f9ae9d1,SUNDAY: Park & Bike - bring your own bike,ticket,20,20,0,False,[],mysteryland,shopapi snapshot has no event/shop id or referrer; do not promote unless matched to an official Awakenings 2025 page snapshot,unattributed_wayback_shopapi_candidate,data\raw\awakenings_wayback_shopapi_probe\products_20240430110130.json
Awakenings Festival,2025,20240430110130,https://shopapi.id-t.com/api/v2/products,paylogic_c60c165f1b0a4bf5854e3a27f1ee4127,Camping Locker - Medium,ticket,26.5,26.5,0,False,[],mysteryland,shopapi snapshot has no event/shop id or referrer; do not promote unless matched to an official Awakenings 2025 page snapshot,unattributed_wayback_shopapi_candidate,data\raw\awakenings_wayback_shopapi_probe\products_20240430110130.json
Awakenings Festival,2025,20240430110130,https://shopapi.id-t.com/api/v2/products,paylogic_c6476ba88dd540f18af09d0107826039,Parking Ticket - Sunday,ticket,26.5,26.5,0,False,[],mysteryland,shopapi snapshot has no event/shop id or referrer; do not promote unless matched to an official Awakenings 2025 page snapshot,unattributed_wayback_shopapi_candidate,data\raw\awakenings_wayback_shopapi_probe\products_20240430110130.json
Awakenings Festival,2025,20240430110130,https://shopapi.id-t.com/api/v2/products,paylogic_c7e3ce9fad6f46689d123b18ab5f55c6,Travel OSS,ticket,0,0,0,False,[],mysteryland,shopapi snapshot has no event/shop id or referrer; do not promote unless matched to an official Awakenings 2025 page snapshot,unattributed_wayback_shopapi_candidate,data\raw\awakenings_wayback_shopapi_probe\products_20240430110130.json
Awakenings Festival,2025,20240430110130,https://shopapi.id-t.com/api/v2/products,paylogic_c872cf25db244026be4e11292288a5dc,SATURDAY: Park & Bike- rent 3 bikes,ticket,45,45,0,False,[],mysteryland,shopapi snapshot has no event/shop id or referrer; do not promote unless matched to an official Awakenings 2025 page snapshot,unattributed_wayback_shopapi_candidate,data\raw\awakenings_wayback_shopapi_probe\products_20240430110130.json
Awakenings Festival,2025,20240430110130,https://shopapi.id-t.com/api/v2/products,paylogic_c8c2d4a0d02d43b5be4c541fe5300046,Early Bird Weekend Ticket,ticket,160.95,146.32,14.63,True,[],mysteryland,shopapi snapshot has no event/shop id or referrer; do not promote unless matched to an official Awakenings 2025 page snapshot,unattributed_wayback_shopapi_candidate,data\raw\awakenings_wayback_shopapi_probe\products_20240430110130.json
Awakenings Festival,2025,20240430110130,https://shopapi.id-t.com/api/v2/products,paylogic_c99faf17f6c343f487dd84bfec71bce6,Early Bird Camping Ticket (travel),ticket,189.95,172.68,17.27,True,"[{""en"": ""TRAVEL TICKETS"", ""nl"": ""TRAVEL TICKETS"", ""de"": ""TRAVEL TICKETS"", ""es"": ""TRAVEL TICKETS"", ""fr"": ""TRAVEL TICKETS"", ""pt"": ""TRAVEL TICKETS""}]",mysteryland,shopapi snapshot has no event/shop id or referrer; do not promote unless matched to an official Awakenings 2025 page snapshot,unattributed_wayback_shopapi_candidate,data\raw\awakenings_wayback_shopapi_probe\products_20240430110130.json
Awakenings Festival,2025,20240430110130,https://shopapi.id-t.com/api/v2/products,paylogic_cafaaeffcd3e4bf2909de3a950b9261a,Early Bird Saturday Ticket,ticket,109.95,99.95,10,True,[],mysteryland,shopapi snapshot has no event/shop id or referrer; do not promote unless matched to an official Awakenings 2025 page snapshot,unattributed_wayback_shopapi_candidate,data\raw\awakenings_wayback_shopapi_probe\products_20240430110130.json
Awakenings Festival,2025,20240430110130,https://shopapi.id-t.com/api/v2/products,paylogic_cb9647a3b740419c8939f657c4916455,Late Saturday Ticket,ticket,129.95,118.14,11.81,False,[],mysteryland,shopapi snapshot has no event/shop id or referrer; do not promote unless matched to an official Awakenings 2025 page snapshot,unattributed_wayback_shopapi_candidate,data\raw\awakenings_wayback_shopapi_probe\products_20240430110130.json
Awakenings Festival,2025,20240430110130,https://shopapi.id-t.com/api/v2/products,paylogic_e236556f39054b9babf6def5a5c36987,Voucher OSS,ticket,0,0,0,False,[],mysteryland,shopapi snapshot has no event/shop id or referrer; do not promote unless matched to an official Awakenings 2025 page snapshot,unattributed_wayback_shopapi_candidate,data\raw\awakenings_wayback_shopapi_probe\products_20240430110130.json
Awakenings Festival,2025,20240430110130,https://shopapi.id-t.com/api/v2/products,paylogic_e6c8ae97a393452f963da96007a69ee0,Parking Ticket - Camping,ticket,39,39,0,False,[],mysteryland,shopapi snapshot has no event/shop id or referrer; do not promote unless matched to an official Awakenings 2025 page snapshot,unattributed_wayback_shopapi_candidate,data\raw\awakenings_wayback_shopapi_probe\products_20240430110130.json
Awakenings Festival,2025,20240430110130,https://shopapi.id-t.com/api/v2/products,paylogic_e73a034b00014b8a853cd711d151553a,Saturday Locker - Medium,ticket,11.5,11.5,0,False,[],mysteryland,shopapi snapshot has no event/shop id or referrer; do not promote unless matched to an official Awakenings 2025 page snapshot,unattributed_wayback_shopapi_candidate,data\raw\awakenings_wayback_shopapi_probe\products_20240430110130.json
Awakenings Festival,2025,20240430110130,https://shopapi.id-t.com/api/v2/products,paylogic_e7a8279f7e414b68b515d3402f3eaacc,Shuttle Bus - Sunday,ticket,11,11,0,False,[],mysteryland,shopapi snapshot has no event/shop id or referrer; do not promote unless matched to an official Awakenings 2025 page snapshot,unattributed_wayback_shopapi_candidate,data\raw\awakenings_wayback_shopapi_probe\products_20240430110130.json
Awakenings Festival,2025,20240430110130,https://shopapi.id-t.com/api/v2/products,paylogic_e94b5fb82b1c4f32b1542bc097bc9949,Saturday Lunch - Shift 2: 14:30 - 16:00,ticket,79,79,0,False,[],mysteryland,shopapi snapshot has no event/shop id or referrer; do not promote unless matched to an official Awakenings 2025 page snapshot,unattributed_wayback_shopapi_candidate,data\raw\awakenings_wayback_shopapi_probe\products_20240430110130.json
Awakenings Festival,2025,20240430110130,https://shopapi.id-t.com/api/v2/products,paylogic_ec089cdb390743088e695766e4dc0768,SATURDAY: Park & Bike - rent 5 bikes,ticket,75,75,0,False,[],mysteryland,shopapi snapshot has no event/shop id or referrer; do not promote unless matched to an official Awakenings 2025 page snapshot,unattributed_wayback_shopapi_candidate,data\raw\awakenings_wayback_shopapi_probe\products_20240430110130.json
Awakenings Festival,2025,20240430110130,https://shopapi.id-t.com/api/v2/products,paylogic_f06e3a684d31438e985fe60b5ad1562c,Saturday Lunch - Shift 1: 12:30 - 14:00,ticket,79,79,0,False,[],mysteryland,shopapi snapshot has no event/shop id or referrer; do not promote unless matched to an official Awakenings 2025 page snapshot,unattributed_wayback_shopapi_candidate,data\raw\awakenings_wayback_shopapi_probe\products_20240430110130.json
Awakenings Festival,2025,20240430110130,https://shopapi.id-t.com/api/v2/products,paylogic_f419177f7f3141acbb6479de35b947a0,Saturday VIP package,ticket,529,529,0,False,[],mysteryland,shopapi snapshot has no event/shop id or referrer; do not promote unless matched to an official Awakenings 2025 page snapshot,unattributed_wayback_shopapi_candidate,data\raw\awakenings_wayback_shopapi_probe\products_20240430110130.json
Awakenings Festival,2025,20240430110130,https://shopapi.id-t.com/api/v2/products,paylogic_fb9c0a6e4ba14dfa95692fa5c8ddc89a,Camping Locker - Large,ticket,31.5,31.5,0,False,[],mysteryland,shopapi snapshot has no event/shop id or referrer; do not promote unless matched to an official Awakenings 2025 page snapshot,unattributed_wayback_shopapi_candidate,data\raw\awakenings_wayback_shopapi_probe\products_20240430110130.json
Awakenings Festival,2025,20240430110130,https://shopapi.id-t.com/api/v2/products,paylogic_fd3c95ca75634b7189eae50a8ee46d26,SATURDAY: Park & Bike - bring your own bike,ticket,20,20,0,False,[],mysteryland,shopapi snapshot has no event/shop id or referrer; do not promote unless matched to an official Awakenings 2025 page snapshot,unattributed_wayback_shopapi_candidate,data\raw\awakenings_wayback_shopapi_probe\products_20240430110130.json
Awakenings Festival,2025,20240430110130,https://shopapi.id-t.com/api/v2/products,paylogic_fd6a35ad187b41fbabaff9f116fa7e77,SATURDAY: Park & Bike - rent 2 bikes,ticket,30,30,0,False,[],mysteryland,shopapi snapshot has no event/shop id or referrer; do not promote unless matched to an official Awakenings 2025 page snapshot,unattributed_wayback_shopapi_candidate,data\raw\awakenings_wayback_shopapi_probe\products_20240430110130.json
Awakenings Festival,2025,20240520175127,https://shopapi.id-t.com/api/v2/products,paylogic_0061e8569f0548aeaeabdc924988736a,Dagkaart zondag (Regulier),ticket,37.5,37.5,0,False,[],,shopapi snapshot has no event/shop id or referrer; do not promote unless matched to an official Awakenings 2025 page snapshot,unattributed_wayback_shopapi_candidate,data\raw\awakenings_wayback_shopapi_probe\products_20240520175127.json
Awakenings Festival,2025,20240520175127,https://shopapi.id-t.com/api/v2/products,paylogic_0253a1a2ab32416fb182ba706ff5ad9b,Familiecamping         (Regulier),ticket,130,125,5,False,[],,shopapi snapshot has no event/shop id or referrer; do not promote unless matched to an official Awakenings 2025 page snapshot,unattributed_wayback_shopapi_candidate,data\raw\awakenings_wayback_shopapi_probe\products_20240520175127.json
Awakenings Festival,2025,20240520175127,https://shopapi.id-t.com/api/v2/products,paylogic_087b80bb0dd64b04820d8060f58e0af1,Fata Mañana vierpersoonstent (Early Bird),ticket,215,210,5,True,[],,shopapi snapshot has no event/shop id or referrer; do not promote unless matched to an official Awakenings 2025 page snapshot,unattributed_wayback_shopapi_candidate,data\raw\awakenings_wayback_shopapi_probe\products_20240520175127.json
Awakenings Festival,2025,20240520175127,https://shopapi.id-t.com/api/v2/products,paylogic_0d927d1229bd4698b98e76dc0d6da963,Fata Mañana vierpersoonstent (Super Early Bird),ticket,180,175,5,True,[],,shopapi snapshot has no event/shop id or referrer; do not promote unless matched to an official Awakenings 2025 page snapshot,unattributed_wayback_shopapi_candidate,data\raw\awakenings_wayback_shopapi_probe\products_20240520175127.json
Awakenings Festival,2025,20240520175127,https://shopapi.id-t.com/api/v2/products,paylogic_12c6927d01004ea8afef0de67b8e342a,Dagkaart zondag (Early Bird),ticket,32.5,32.5,0,True,[],,shopapi snapshot has no event/shop id or referrer; do not promote unless matched to an official Awakenings 2025 page snapshot,unattributed_wayback_shopapi_candidate,data\raw\awakenings_wayback_shopapi_probe\products_20240520175127.json
Awakenings Festival,2025,20240520175127,https://shopapi.id-t.com/api/v2/products,paylogic_13c6e8dfa8264b74af218087cf215a4b,Retourticket donderdag - maandag,ticket,6,6,0,False,[],,shopapi snapshot has no event/shop id or referrer; do not promote unless matched to an official Awakenings 2025 page snapshot,unattributed_wayback_shopapi_candidate,data\raw\awakenings_wayback_shopapi_probe\products_20240520175127.json
Awakenings Festival,2025,20240520175127,https://shopapi.id-t.com/api/v2/products,paylogic_15749e4970b148229aef1d2a035e81ee,Driedagenkaart (Regulier),ticket,95,95,0,False,[],,shopapi snapshot has no event/shop id or referrer; do not promote unless matched to an official Awakenings 2025 page snapshot,unattributed_wayback_shopapi_candidate,data\raw\awakenings_wayback_shopapi_probe\products_20240520175127.json
Awakenings Festival,2025,20240520175127,https://shopapi.id-t.com/api/v2/products,paylogic_15f00e60cb5a4a00957e337313b3a6b2,Dagkaart Zaterdag (Super Early Bird),ticket,27.5,27.5,0,True,[],,shopapi snapshot has no event/shop id or referrer; do not promote unless matched to an official Awakenings 2025 page snapshot,unattributed_wayback_shopapi_candidate,data\raw\awakenings_wayback_shopapi_probe\products_20240520175127.json
Awakenings Festival,2025,20240520175127,https://shopapi.id-t.com/api/v2/products,paylogic_1ae3038a614e4eb4adeb25672697c08a,Camper/caravan incl. toegang (Early Bird),ticket,134,129,5,True,[],,shopapi snapshot has no event/shop id or referrer; do not promote unless matched to an official Awakenings 2025 page snapshot,unattributed_wayback_shopapi_candidate,data\raw\awakenings_wayback_shopapi_probe\products_20240520175127.json
Awakenings Festival,2025,20240520175127,https://shopapi.id-t.com/api/v2/products,paylogic_1d213975d0be4873a7073f008e59e701,Dagkaart vrijdag (Regulier),ticket,37.5,37.5,0,False,[],,shopapi snapshot has no event/shop id or referrer; do not promote unless matched to an official Awakenings 2025 page snapshot,unattributed_wayback_shopapi_candidate,data\raw\awakenings_wayback_shopapi_probe\products_20240520175127.json
Awakenings Festival,2025,20240520175127,https://shopapi.id-t.com/api/v2/products,paylogic_2457c33fee474675a0bd473837c4ae12,Jeugdkaart zaterdag (Regulier),ticket,12.5,12.5,0,False,[],,shopapi snapshot has no event/shop id or referrer; do not promote unless matched to an official Awakenings 2025 page snapshot,unattributed_wayback_shopapi_candidate,data\raw\awakenings_wayback_shopapi_probe\products_20240520175127.json
Awakenings Festival,2025,20240520175127,https://shopapi.id-t.com/api/v2/products,paylogic_304de535a8714eb2b9bcf53bc6947d18,Familiecamping (Early Bird),ticket,110,105,5,True,[],,shopapi snapshot has no event/shop id or referrer; do not promote unless matched to an official Awakenings 2025 page snapshot,unattributed_wayback_shopapi_candidate,data\raw\awakenings_wayback_shopapi_probe\products_20240520175127.json
Awakenings Festival,2025,20240520175127,https://shopapi.id-t.com/api/v2/products,paylogic_37d31eb41d964c84b8b829b21921a8de,Fata Mañana tweepersoonstent (Regulier),ticket,255,250,5,False,[],,shopapi snapshot has no event/shop id or referrer; do not promote unless matched to an official Awakenings 2025 page snapshot,unattributed_wayback_shopapi_candidate,data\raw\awakenings_wayback_shopapi_probe\products_20240520175127.json
Awakenings Festival,2025,20240520175127,https://shopapi.id-t.com/api/v2/products,paylogic_3ccf3e4c5ed24bd28a7da05aeebf94e9,Jeugdkaart zondag (Super Early Bird),ticket,7.5,7.5,0,True,[],,shopapi snapshot has no event/shop id or referrer; do not promote unless matched to an official Awakenings 2025 page snapshot,unattributed_wayback_shopapi_candidate,data\raw\awakenings_wayback_shopapi_probe\products_20240520175127.json
Awakenings Festival,2025,20240520175127,https://shopapi.id-t.com/api/v2/products,paylogic_43164292df3b40d8b405dcbb95d603be,Fata Mañana tweepersoonstent (Super Early Bird),ticket,180,175,5,True,[],,shopapi snapshot has no event/shop id or referrer; do not promote unless matched to an official Awakenings 2025 page snapshot,unattributed_wayback_shopapi_candidate,data\raw\awakenings_wayback_shopapi_probe\products_20240520175127.json
Awakenings Festival,2025,20240520175127,https://shopapi.id-t.com/api/v2/products,paylogic_43f68689e3aa4a668c90253b18de89f1,Camper/caravan incl. toegang (Super Early Bird),ticket,114,109,5,True,[],,shopapi snapshot has no event/shop id or referrer; do not promote unless matched to an official Awakenings 2025 page snapshot,unattributed_wayback_shopapi_candidate,data\raw\awakenings_wayback_shopapi_probe\products_20240520175127.json
Awakenings Festival,2025,20240520175127,https://shopapi.id-t.com/api/v2/products,paylogic_4a8289d077074050af2235eee1236a6b,Dagkaart vrijdag (Early Bird),ticket,32.5,32.5,0,True,[],,shopapi snapshot has no event/shop id or referrer; do not promote unless matched to an official Awakenings 2025 page snapshot,unattributed_wayback_shopapi_candidate,data\raw\awakenings_wayback_shopapi_probe\products_20240520175127.json
Awakenings Festival,2025,20240520175127,https://shopapi.id-t.com/api/v2/products,paylogic_4b33dff6e73b42ec9dfb32b33ad1a633,Retourticket zaterdag,ticket,6,6,0,False,[],,shopapi snapshot has no event/shop id or referrer; do not promote unless matched to an official Awakenings 2025 page snapshot,unattributed_wayback_shopapi_candidate,data\raw\awakenings_wayback_shopapi_probe\products_20240520175127.json
Awakenings Festival,2025,20240520175127,https://shopapi.id-t.com/api/v2/products,paylogic_5b7e6d7557e14e5cabfc1fdc97d258c5,Voucher OSS,ticket,0,0,0,False,[],,shopapi snapshot has no event/shop id or referrer; do not promote unless matched to an official Awakenings 2025 page snapshot,unattributed_wayback_shopapi_candidate,data\raw\awakenings_wayback_shopapi_probe\products_20240520175127.json
Awakenings Festival,2025,20240520175127,https://shopapi.id-t.com/api/v2/products,paylogic_6e2c95a34bc4494bab53444584d85f92,Jeugdkaart zaterdag (Early Bird),ticket,10,10,0,True,[],,shopapi snapshot has no event/shop id or referrer; do not promote unless matched to an official Awakenings 2025 page snapshot,unattributed_wayback_shopapi_candidate,data\raw\awakenings_wayback_shopapi_probe\products_20240520175127.json
Awakenings Festival,2025,20240520175127,https://shopapi.id-t.com/api/v2/products,paylogic_7ca0c3539aba46a4a121c22e65c26812,Jeugdkaart familiecamping (Early Bird),ticket,37.5,32.5,5,True,[],,shopapi snapshot has no event/shop id or referrer; do not promote unless matched to an official Awakenings 2025 page snapshot,unattributed_wayback_shopapi_candidate,data\raw\awakenings_wayback_shopapi_probe\products_20240520175127.json
Awakenings Festival,2025,20240520175127,https://shopapi.id-t.com/api/v2/products,paylogic_7d20749d58314af681e7c1a3561b76b2,Driedagenkaart (Super Early Bird),ticket,69,69,0,True,[],,shopapi snapshot has no event/shop id or referrer; do not promote unless matched to an official Awakenings 2025 page snapshot,unattributed_wayback_shopapi_candidate,data\raw\awakenings_wayback_shopapi_probe\products_20240520175127.json
Awakenings Festival,2025,20240520175127,https://shopapi.id-t.com/api/v2/products,paylogic_843d4230dd58467e9d373334eadbe377,Camper/caravan incl. toegang (Regulier),ticket,160,155,5,False,[],,shopapi snapshot has no event/shop id or referrer; do not promote unless matched to an official Awakenings 2025 page snapshot,unattributed_wayback_shopapi_candidate,data\raw\awakenings_wayback_shopapi_probe\products_20240520175127.json
Awakenings Festival,2025,20240520175127,https://shopapi.id-t.com/api/v2/products,paylogic_847352ba2b76461987866630bf324c00,Familiecamping (Super Early Bird),ticket,94,89,5,True,[],,shopapi snapshot has no event/shop id or referrer; do not promote unless matched to an official Awakenings 2025 page snapshot,unattributed_wayback_shopapi_candidate,data\raw\awakenings_wayback_shopapi_probe\products_20240520175127.json
Awakenings Festival,2025,20240520175127,https://shopapi.id-t.com/api/v2/products,paylogic_86972f16d2584cb9b05c6cfda6cc701b,Dagkaart Zaterdag (Early Bird),ticket,32.5,32.5,0,True,[],,shopapi snapshot has no event/shop id or referrer; do not promote unless matched to an official Awakenings 2025 page snapshot,unattributed_wayback_shopapi_candidate,data\raw\awakenings_wayback_shopapi_probe\products_20240520175127.json
Awakenings Festival,2025,20240520175127,https://shopapi.id-t.com/api/v2/products,paylogic_8c621aadcc2740078e6d190994069a2b,Jeugdkaart zaterdag (Super Early Bird),ticket,7.5,7.5,0,True,[],,shopapi snapshot has no event/shop id or referrer; do not promote unless matched to an official Awakenings 2025 page snapshot,unattributed_wayback_shopapi_candidate,data\raw\awakenings_wayback_shopapi_probe\products_20240520175127.json
Awakenings Festival,2025,20240520175127,https://shopapi.id-t.com/api/v2/products,paylogic_958f64679082469d8a93ce9708ad4ae8,Jeugdkaart familiecamping (Super Early Bird),ticket,32.5,27.5,5,True,[],,shopapi snapshot has no event/shop id or referrer; do not promote unless matched to an official Awakenings 2025 page snapshot,unattributed_wayback_shopapi_candidate,data\raw\awakenings_wayback_shopapi_probe\products_20240520175127.json
Awakenings Festival,2025,20240520175127,https://shopapi.id-t.com/api/v2/products,paylogic_95c15b2f2bc94acab3831d605e803197,Driedagenkaart (Early Bird),ticket,82,82,0,True,[],,shopapi snapshot has no event/shop id or referrer; do not promote unless matched to an official Awakenings 2025 page snapshot,unattributed_wayback_shopapi_candidate,data\raw\awakenings_wayback_shopapi_probe\products_20240520175127.json
Awakenings Festival,2025,20240520175127,https://shopapi.id-t.com/api/v2/products,paylogic_9b6239a792314fe997d6bd6f2c83b56b,Retourticket vrijdag,ticket,6,6,0,False,[],,shopapi snapshot has no event/shop id or referrer; do not promote unless matched to an official Awakenings 2025 page snapshot,unattributed_wayback_shopapi_candidate,data\raw\awakenings_wayback_shopapi_probe\products_20240520175127.json
Awakenings Festival,2025,20240520175127,https://shopapi.id-t.com/api/v2/products,paylogic_9d027f6577414afa8cb92aa930d4213c,Jeugdkaart zondag (Regulier),ticket,12.5,12.5,0,False,[],,shopapi snapshot has no event/shop id or referrer; do not promote unless matched to an official Awakenings 2025 page snapshot,unattributed_wayback_shopapi_candidate,data\raw\awakenings_wayback_shopapi_probe\products_20240520175127.json
Awakenings Festival,2025,20240520175127,https://shopapi.id-t.com/api/v2/products,paylogic_9dc359cf5fdf4d00b3d5fdb4615cca1d,Festivalcamping (Regulier),ticket,130,125,5,False,[],,shopapi snapshot has no event/shop id or referrer; do not promote unless matched to an official Awakenings 2025 page snapshot,unattributed_wayback_shopapi_candidate,data\raw\awakenings_wayback_shopapi_probe\products_20240520175127.json
Awakenings Festival,2025,20240520175127,https://shopapi.id-t.com/api/v2/products,paylogic_ae1063af392b4ada9d8826be97bf97b0,Festivalcamping (Early Bird),ticket,110,105,5,True,[],,shopapi snapshot has no event/shop id or referrer; do not promote unless matched to an official Awakenings 2025 page snapshot,unattributed_wayback_shopapi_candidate,data\raw\awakenings_wayback_shopapi_probe\products_20240520175127.json
Awakenings Festival,2025,20240520175127,https://shopapi.id-t.com/api/v2/products,paylogic_b8d1663c877d46149b17a0046333b6e9,Festivalcamping (Super Early Bird),ticket,94,89,5,True,[],,shopapi snapshot has no event/shop id or referrer; do not promote unless matched to an official Awakenings 2025 page snapshot,unattributed_wayback_shopapi_candidate,data\raw\awakenings_wayback_shopapi_probe\products_20240520175127.json
Awakenings Festival,2025,20240520175127,https://shopapi.id-t.com/api/v2/products,paylogic_b93bc0e536884bed8d74aba2841ec051,Jeugdkaart vrijdag (Early Bird),ticket,10,10,0,True,[],,shopapi snapshot has no event/shop id or referrer; do not promote unless matched to an official Awakenings 2025 page snapshot,unattributed_wayback_shopapi_candidate,data\raw\awakenings_wayback_shopapi_probe\products_20240520175127.json
Awakenings Festival,2025,20240520175127,https://shopapi.id-t.com/api/v2/products,paylogic_bbf8b6b49790499dbe575479b1bba34a,Jeugdkaart vrijdag (Super Early Bird),ticket,7.5,7.5,0,True,[],,shopapi snapshot has no event/shop id or referrer; do not promote unless matched to an official Awakenings 2025 page snapshot,unattributed_wayback_shopapi_candidate,data\raw\awakenings_wayback_shopapi_probe\products_20240520175127.json
Awakenings Festival,2025,20240520175127,https://shopapi.id-t.com/api/v2/products,paylogic_be88f43d6f6740e7b85dda4b2794e19d,Dagkaart vrijdag (Super Early Bird),ticket,27.5,27.5,0,True,[],,shopapi snapshot has no event/shop id or referrer; do not promote unless matched to an official Awakenings 2025 page snapshot,unattributed_wayback_shopapi_candidate,data\raw\awakenings_wayback_shopapi_probe\products_20240520175127.json
Awakenings Festival,2025,20240520175127,https://shopapi.id-t.com/api/v2/products,paylogic_c1b6acb9cb1645c68900b39ba32af0f5,Jeugdkaart vrijdag (Regulier),ticket,12.5,12.5,0,False,[],,shopapi snapshot has no event/shop id or referrer; do not promote unless matched to an official Awakenings 2025 page snapshot,unattributed_wayback_shopapi_candidate,data\raw\awakenings_wayback_shopapi_probe\products_20240520175127.json
Awakenings Festival,2025,20240520175127,https://shopapi.id-t.com/api/v2/products,paylogic_c3c728a14f9b421fb2b5d418f4818a3e,Retourticket zondag,ticket,6,6,0,False,[],,shopapi snapshot has no event/shop id or referrer; do not promote unless matched to an official Awakenings 2025 page snapshot,unattributed_wayback_shopapi_candidate,data\raw\awakenings_wayback_shopapi_probe\products_20240520175127.json
Awakenings Festival,2025,20240520175127,https://shopapi.id-t.com/api/v2/products,paylogic_c6672a37d3b14282a67064513f02a3ae,Jeugdkaart familiecamping (Regulier),ticket,42.5,37.5,5,False,[],,shopapi snapshot has no event/shop id or referrer; do not promote unless matched to an official Awakenings 2025 page snapshot,unattributed_wayback_shopapi_candidate,data\raw\awakenings_wayback_shopapi_probe\products_20240520175127.json
Awakenings Festival,2025,20240520175127,https://shopapi.id-t.com/api/v2/products,paylogic_cd4c919faefc4518b90e1f00293cf401,Fata Mañana vierpersoonstent (Regulier),ticket,255,250,5,False,[],,shopapi snapshot has no event/shop id or referrer; do not promote unless matched to an official Awakenings 2025 page snapshot,unattributed_wayback_shopapi_candidate,data\raw\awakenings_wayback_shopapi_probe\products_20240520175127.json
Awakenings Festival,2025,20240520175127,https://shopapi.id-t.com/api/v2/products,paylogic_d2716b053899410cb434f8e560b1b827,Dagkaart zondag (Super Early Bird),ticket,27.5,27.5,0,True,[],,shopapi snapshot has no event/shop id or referrer; do not promote unless matched to an official Awakenings 2025 page snapshot,unattributed_wayback_shopapi_candidate,data\raw\awakenings_wayback_shopapi_probe\products_20240520175127.json
Awakenings Festival,2025,20240520175127,https://shopapi.id-t.com/api/v2/products,paylogic_d2fa3745142f42bebf54cb64183bd316,Fata Mañana tweepersoonstent (Early Bird),ticket,215,210,5,True,[],,shopapi snapshot has no event/shop id or referrer; do not promote unless matched to an official Awakenings 2025 page snapshot,unattributed_wayback_shopapi_candidate,data\raw\awakenings_wayback_shopapi_probe\products_20240520175127.json
Awakenings Festival,2025,20240520175127,https://shopapi.id-t.com/api/v2/products,paylogic_da734d5188b444b6a004af4c42ab5e77,Dagkaart zaterdag (Regulier),ticket,37.5,37.5,0,False,[],,shopapi snapshot has no event/shop id or referrer; do not promote unless matched to an official Awakenings 2025 page snapshot,unattributed_wayback_shopapi_candidate,data\raw\awakenings_wayback_shopapi_probe\products_20240520175127.json
Awakenings Festival,2025,20240520175127,https://shopapi.id-t.com/api/v2/products,paylogic_de29356d5b494026bea28c34f7259379,Jeugdkaart zondag (Early Bird),ticket,10,10,0,True,[],,shopapi snapshot has no event/shop id or referrer; do not promote unless matched to an official Awakenings 2025 page snapshot,unattributed_wayback_shopapi_candidate,data\raw\awakenings_wayback_shopapi_probe\products_20240520175127.json
Awakenings Festival,2025,20240614092446,https://shopapi.id-t.com/api/v2/products,paylogic_04382b06ec9a4138ba2b66a779adf790,FULL FESTIVAL LARGE LOCKER VOUCHER,ticket,30.5,30,0.5,False,[],decibel,shopapi snapshot has no event/shop id or referrer; do not promote unless matched to an official Awakenings 2025 page snapshot,unattributed_wayback_shopapi_candidate,data\raw\awakenings_wayback_shopapi_probe\products_20240614092446.json
Awakenings Festival,2025,20240614092446,https://shopapi.id-t.com/api/v2/products,paylogic_074f550564f940c29f9c4643e214e9bc,LAKESIDE CAMPING TICKET,ticket,209.95,190.86,19.09,False,[],decibel,shopapi snapshot has no event/shop id or referrer; do not promote unless matched to an official Awakenings 2025 page snapshot,unattributed_wayback_shopapi_candidate,data\raw\awakenings_wayback_shopapi_probe\products_20240614092446.json
Awakenings Festival,2025,20240614092446,https://shopapi.id-t.com/api/v2/products,paylogic_0e25e4579d7a4b85ba7359e32e83c9a4,OSS VOUCHER,ticket,0,0,0,False,[],decibel,shopapi snapshot has no event/shop id or referrer; do not promote unless matched to an official Awakenings 2025 page snapshot,unattributed_wayback_shopapi_candidate,data\raw\awakenings_wayback_shopapi_probe\products_20240614092446.json
Awakenings Festival,2025,20240614092446,https://shopapi.id-t.com/api/v2/products,paylogic_12cf5c7004364e07902411679bb06ec9,COMFORT CAMPING PARKING,ticket,46,45,1,False,[],decibel,shopapi snapshot has no event/shop id or referrer; do not promote unless matched to an official Awakenings 2025 page snapshot,unattributed_wayback_shopapi_candidate,data\raw\awakenings_wayback_shopapi_probe\products_20240614092446.json
Awakenings Festival,2025,20240614092446,https://shopapi.id-t.com/api/v2/products,paylogic_15c55ca5c19c4a0bbc67fef88980f331,PREMIUM COMFORT CAMPING TICKET,ticket,319.95,290.86,29.09,False,[],decibel,shopapi snapshot has no event/shop id or referrer; do not promote unless matched to an official Awakenings 2025 page snapshot,unattributed_wayback_shopapi_candidate,data\raw\awakenings_wayback_shopapi_probe\products_20240614092446.json
Awakenings Festival,2025,20240614092446,https://shopapi.id-t.com/api/v2/products,paylogic_207d25579d2a4fff84b83cd1f718e593,CAMPSITE LARGE LOCKER VOUCHER,ticket,30.5,30,0.5,False,[],decibel,shopapi snapshot has no event/shop id or referrer; do not promote unless matched to an official Awakenings 2025 page snapshot,unattributed_wayback_shopapi_candidate,data\raw\awakenings_wayback_shopapi_probe\products_20240614092446.json
Awakenings Festival,2025,20240614092446,https://shopapi.id-t.com/api/v2/products,paylogic_23239c8509614621884ef0f4e9869400,SAVAGE SUNDAY FESTIVAL TICKET,ticket,74.95,68.14,6.81,False,"[{""en"": ""TRAVEL TICKETS"", ""nl"": ""TRAVEL TICKETS"", ""de"": ""TRAVEL TICKETS"", ""es"": ""TRAVEL TICKETS"", ""fr"": ""TRAVEL TICKETS"", ""pt"": ""TRAVEL TICKETS""}]",decibel,shopapi snapshot has no event/shop id or referrer; do not promote unless matched to an official Awakenings 2025 page snapshot,unattributed_wayback_shopapi_candidate,data\raw\awakenings_wayback_shopapi_probe\products_20240614092446.json
Awakenings Festival,2025,20240614092446,https://shopapi.id-t.com/api/v2/products,paylogic_248b22a5c38b4c62a8bc1b1675fe2f4d,SATURDAY LOCKER VOUCHER,ticket,11,10.5,0.5,False,[],decibel,shopapi snapshot has no event/shop id or referrer; do not promote unless matched to an official Awakenings 2025 page snapshot,unattributed_wayback_shopapi_candidate,data\raw\awakenings_wayback_shopapi_probe\products_20240614092446.json
Awakenings Festival,2025,20240614092446,https://shopapi.id-t.com/api/v2/products,paylogic_31ed3ec269114c91a3eb2244be5f1f08,TRAVEL VOUCHER,ticket,0,0,0,False,[],decibel,shopapi snapshot has no event/shop id or referrer; do not promote unless matched to an official Awakenings 2025 page snapshot,unattributed_wayback_shopapi_candidate,data\raw\awakenings_wayback_shopapi_probe\products_20240614092446.json
Awakenings Festival,2025,20240614092446,https://shopapi.id-t.com/api/v2/products,paylogic_4cfe8d5fdea244f9afc449089faa928f,FULL FESTIVAL TICKET,ticket,159.95,145.41,14.54,False,[],decibel,shopapi snapshot has no event/shop id or referrer; do not promote unless matched to an official Awakenings 2025 page snapshot,unattributed_wayback_shopapi_candidate,data\raw\awakenings_wayback_shopapi_probe\products_20240614092446.json
Awakenings Festival,2025,20240614092446,https://shopapi.id-t.com/api/v2/products,paylogic_556329eea4e64b35b5587ee28af46873,SATURDAY BUS TRANSFER TICKET,ticket,8.5,8,0.5,False,[],decibel,shopapi snapshot has no event/shop id or referrer; do not promote unless matched to an official Awakenings 2025 page snapshot,unattributed_wayback_shopapi_candidate,data\raw\awakenings_wayback_shopapi_probe\products_20240614092446.json
Awakenings Festival,2025,20240614092446,https://shopapi.id-t.com/api/v2/products,paylogic_5b2d0afc9659484fb6de84d5190422ed,SUNDAY BUS TRANSFER TICKET,ticket,8.5,8,0.5,False,[],decibel,shopapi snapshot has no event/shop id or referrer; do not promote unless matched to an official Awakenings 2025 page snapshot,unattributed_wayback_shopapi_candidate,data\raw\awakenings_wayback_shopapi_probe\products_20240614092446.json
Awakenings Festival,2025,20240614092446,https://shopapi.id-t.com/api/v2/products,paylogic_5ba0a2870ff249a29db31807e86b0a7c,PREMIUM SATURDAY FESTIVAL TICKET,ticket,174.95,159.05,15.9,False,"[{""en"": ""TRAVEL TICKETS"", ""nl"": ""TRAVEL TICKETS"", ""de"": ""TRAVEL TICKETS"", ""es"": ""TRAVEL TICKETS"", ""fr"": ""TRAVEL TICKETS"", ""pt"": ""TRAVEL TICKETS""}]",decibel,shopapi snapshot has no event/shop id or referrer; do not promote unless matched to an official Awakenings 2025 page snapshot,unattributed_wayback_shopapi_candidate,data\raw\awakenings_wayback_shopapi_probe\products_20240614092446.json
Awakenings Festival,2025,20240614092446,https://shopapi.id-t.com/api/v2/products,paylogic_642f942044794a08a7f138ec6c04471b,PREMIUM LAKESIDE CAMPING TICKET,ticket,309.95,281.77,28.18,False,[],decibel,shopapi snapshot has no event/shop id or referrer; do not promote unless matched to an official Awakenings 2025 page snapshot,unattributed_wayback_shopapi_candidate,data\raw\awakenings_wayback_shopapi_probe\products_20240614092446.json
Awakenings Festival,2025,20240614092446,https://shopapi.id-t.com/api/v2/products,paylogic_6574468056a447009fcdd7894726f1d7,LAKESIDE CAMPING TICKET,ticket,209.95,190.86,19.09,False,"[{""en"": ""TRAVEL TICKETS"", ""nl"": ""TRAVEL TICKETS"", ""de"": ""TRAVEL TICKETS"", ""es"": ""TRAVEL TICKETS"", ""fr"": ""TRAVEL TICKETS"", ""pt"": ""TRAVEL TICKETS""}]",decibel,shopapi snapshot has no event/shop id or referrer; do not promote unless matched to an official Awakenings 2025 page snapshot,unattributed_wayback_shopapi_candidate,data\raw\awakenings_wayback_shopapi_probe\products_20240614092446.json
Awakenings Festival,2025,20240614092446,https://shopapi.id-t.com/api/v2/products,paylogic_68145906fb49486ba863e4b1fb627a9a,LAKESIDE CAMPING PARKING ,ticket,46,45,1,False,[],decibel,shopapi snapshot has no event/shop id or referrer; do not promote unless matched to an official Awakenings 2025 page snapshot,unattributed_wayback_shopapi_candidate,data\raw\awakenings_wayback_shopapi_probe\products_20240614092446.json
Awakenings Festival,2025,20240614092446,https://shopapi.id-t.com/api/v2/products,paylogic_699f880f6c7e481f9ca868b1ec8848fb,CAMPSITE XL LOCKER VOUCHER,ticket,35.5,35,0.5,False,[],decibel,shopapi snapshot has no event/shop id or referrer; do not promote unless matched to an official Awakenings 2025 page snapshot,unattributed_wayback_shopapi_candidate,data\raw\awakenings_wayback_shopapi_probe\products_20240614092446.json
Awakenings Festival,2025,20240614092446,https://shopapi.id-t.com/api/v2/products,paylogic_69c2767d41554ef191a231521b547712,FULL FESTIVAL LOCKER VOUCHER,ticket,28,27.5,0.5,False,[],decibel,shopapi snapshot has no event/shop id or referrer; do not promote unless matched to an official Awakenings 2025 page snapshot,unattributed_wayback_shopapi_candidate,data\raw\awakenings_wayback_shopapi_probe\products_20240614092446.json
Awakenings Festival,2025,20240614092446,https://shopapi.id-t.com/api/v2/products,paylogic_6eba663c1a184dbbbaeeb371b2edc80b,FRIDAY BUS TRANSFER TICKET,ticket,8.5,8,0.5,False,[],decibel,shopapi snapshot has no event/shop id or referrer; do not promote unless matched to an official Awakenings 2025 page snapshot,unattributed_wayback_shopapi_candidate,data\raw\awakenings_wayback_shopapi_probe\products_20240614092446.json
Awakenings Festival,2025,20240614092446,https://shopapi.id-t.com/api/v2/products,paylogic_73f02871add84b768ef7940dd3300b81,COMFORT CAMPING TICKET,ticket,219.95,199.95,20,False,[],decibel,shopapi snapshot has no event/shop id or referrer; do not promote unless matched to an official Awakenings 2025 page snapshot,unattributed_wayback_shopapi_candidate,data\raw\awakenings_wayback_shopapi_probe\products_20240614092446.json
Awakenings Festival,2025,20240614092446,https://shopapi.id-t.com/api/v2/products,paylogic_7517e538598b41df91525ef8975a459f,SUNDAY PARKING,ticket,20,19,1,False,[],decibel,shopapi snapshot has no event/shop id or referrer; do not promote unless matched to an official Awakenings 2025 page snapshot,unattributed_wayback_shopapi_candidate,data\raw\awakenings_wayback_shopapi_probe\products_20240614092446.json
Awakenings Festival,2025,20240614092446,https://shopapi.id-t.com/api/v2/products,paylogic_75b15dcb7be64b808a6615db6e48e2c7,MERCHANDISE VOUCHER,ticket,0,0,0,False,[],decibel,shopapi snapshot has no event/shop id or referrer; do not promote unless matched to an official Awakenings 2025 page snapshot,unattributed_wayback_shopapi_candidate,data\raw\awakenings_wayback_shopapi_probe\products_20240614092446.json
Awakenings Festival,2025,20240614092446,https://shopapi.id-t.com/api/v2/products,paylogic_765318cb669a4d108144d89bb034eb82,PREMIUM FULL FESTIVAL TICKET,ticket,259.95,236.32,23.63,False,"[{""en"": ""TRAVEL TICKETS"", ""nl"": ""TRAVEL TICKETS"", ""de"": ""TRAVEL TICKETS"", ""es"": ""TRAVEL TICKETS"", ""fr"": ""TRAVEL TICKETS"", ""pt"": ""TRAVEL TICKETS""}]",decibel,shopapi snapshot has no event/shop id or referrer; do not promote unless matched to an official Awakenings 2025 page snapshot,unattributed_wayback_shopapi_candidate,data\raw\awakenings_wayback_shopapi_probe\products_20240614092446.json
Awakenings Festival,2025,20240614092446,https://shopapi.id-t.com/api/v2/products,paylogic_8dfb0a5adced417b8745a7ef739967bf,PREMIUM SAVAGE SUNDAY FESTIVAL TICKET,ticket,124.95,113.59,11.36,False,"[{""en"": ""TRAVEL TICKETS"", ""nl"": ""TRAVEL TICKETS"", ""de"": ""TRAVEL TICKETS"", ""es"": ""TRAVEL TICKETS"", ""fr"": ""TRAVEL TICKETS"", ""pt"": ""TRAVEL TICKETS""}]",decibel,shopapi snapshot has no event/shop id or referrer; do not promote unless matched to an official Awakenings 2025 page snapshot,unattributed_wayback_shopapi_candidate,data\raw\awakenings_wayback_shopapi_probe\products_20240614092446.json
Awakenings Festival,2025,20240614092446,https://shopapi.id-t.com/api/v2/products,paylogic_90ae88bd18d545acaa209981e8951d6d,CAMPSITE LOCKER VOUCHER,ticket,28,27.5,0.5,False,[],decibel,shopapi snapshot has no event/shop id or referrer; do not promote unless matched to an official Awakenings 2025 page snapshot,unattributed_wayback_shopapi_candidate,data\raw\awakenings_wayback_shopapi_probe\products_20240614092446.json
Awakenings Festival,2025,20240614092446,https://shopapi.id-t.com/api/v2/products,paylogic_a160e2c82d5741a281e86e1421e3ada6,SATURDAY LARGE LOCKER VOUCHER,ticket,14,13.5,0.5,False,[],decibel,shopapi snapshot has no event/shop id or referrer; do not promote unless matched to an official Awakenings 2025 page snapshot,unattributed_wayback_shopapi_candidate,data\raw\awakenings_wayback_shopapi_probe\products_20240614092446.json
Awakenings Festival,2025,20240614092446,https://shopapi.id-t.com/api/v2/products,paylogic_ac7d4fb745c042369da42785b3438137,SATURDAY FESTIVAL TICKET,ticket,99.95,90.86,9.09,False,"[{""en"": ""TRAVEL TICKETS"", ""nl"": ""TRAVEL TICKETS"", ""de"": ""TRAVEL TICKETS"", ""es"": ""TRAVEL TICKETS"", ""fr"": ""TRAVEL TICKETS"", ""pt"": ""TRAVEL TICKETS""}]",decibel,shopapi snapshot has no event/shop id or referrer; do not promote unless matched to an official Awakenings 2025 page snapshot,unattributed_wayback_shopapi_candidate,data\raw\awakenings_wayback_shopapi_probe\products_20240614092446.json
Awakenings Festival,2025,20240614092446,https://shopapi.id-t.com/api/v2/products,paylogic_b73ec493695e436795363fe2bb1387a0,WEEKEND PARKING,ticket,46,45,1,False,[],decibel,shopapi snapshot has no event/shop id or referrer; do not promote unless matched to an official Awakenings 2025 page snapshot,unattributed_wayback_shopapi_candidate,data\raw\awakenings_wayback_shopapi_probe\products_20240614092446.json
Awakenings Festival,2025,20240614092446,https://shopapi.id-t.com/api/v2/products,paylogic_baafadabf9964a82b3bf6585d09fbc13,COMFORT CAMPING TICKET,ticket,219.95,199.95,20,False,"[{""en"": ""TRAVEL TICKETS"", ""nl"": ""TRAVEL TICKETS"", ""de"": ""TRAVEL TICKETS"", ""es"": ""TRAVEL TICKETS"", ""fr"": ""TRAVEL TICKETS"", ""pt"": ""TRAVEL TICKETS""}]",decibel,shopapi snapshot has no event/shop id or referrer; do not promote unless matched to an official Awakenings 2025 page snapshot,unattributed_wayback_shopapi_candidate,data\raw\awakenings_wayback_shopapi_probe\products_20240614092446.json
Awakenings Festival,2025,20240614092446,https://shopapi.id-t.com/api/v2/products,paylogic_bb010a86b69f4bcbb6b58805e7a7c833,PREMIUM COMFORT CAMPING TICKET,ticket,319.95,290.86,29.09,False,"[{""en"": ""TRAVEL TICKETS"", ""nl"": ""TRAVEL TICKETS"", ""de"": ""TRAVEL TICKETS"", ""es"": ""TRAVEL TICKETS"", ""fr"": ""TRAVEL TICKETS"", ""pt"": ""TRAVEL TICKETS""}]",decibel,shopapi snapshot has no event/shop id or referrer; do not promote unless matched to an official Awakenings 2025 page snapshot,unattributed_wayback_shopapi_candidate,data\raw\awakenings_wayback_shopapi_probe\products_20240614092446.json
Awakenings Festival,2025,20240614092446,https://shopapi.id-t.com/api/v2/products,paylogic_bdff2202ec60468aa53bda704967db4e,PREMIUM FULL FESTIVAL TICKET,ticket,259.95,236.32,23.63,False,[],decibel,shopapi snapshot has no event/shop id or referrer; do not promote unless matched to an official Awakenings 2025 page snapshot,unattributed_wayback_shopapi_candidate,data\raw\awakenings_wayback_shopapi_probe\products_20240614092446.json
Awakenings Festival,2025,20240614092446,https://shopapi.id-t.com/api/v2/products,paylogic_cecd75b2fe3140569dfd15fb9efe841d,SUNDAY LARGE LOCKER VOUCHER,ticket,14,13.5,0.5,False,[],decibel,shopapi snapshot has no event/shop id or referrer; do not promote unless matched to an official Awakenings 2025 page snapshot,unattributed_wayback_shopapi_candidate,data\raw\awakenings_wayback_shopapi_probe\products_20240614092446.json
Awakenings Festival,2025,20240614092446,https://shopapi.id-t.com/api/v2/products,paylogic_ceda1942a75a41d38d38f0c46672873d,SUNDAY LOCKER VOUCHER,ticket,11,10.5,0.5,False,[],decibel,shopapi snapshot has no event/shop id or referrer; do not promote unless matched to an official Awakenings 2025 page snapshot,unattributed_wayback_shopapi_candidate,data\raw\awakenings_wayback_shopapi_probe\products_20240614092446.json
Awakenings Festival,2025,20240614092446,https://shopapi.id-t.com/api/v2/products,paylogic_d139aaf4b1b841e5808740f7a1f7c3c0,FULL FESTIVAL TICKET,ticket,159.95,145.41,14.54,False,"[{""en"": ""TRAVEL TICKETS"", ""nl"": ""TRAVEL TICKETS"", ""de"": ""TRAVEL TICKETS"", ""es"": ""TRAVEL TICKETS"", ""fr"": ""TRAVEL TICKETS"", ""pt"": ""TRAVEL TICKETS""}]",decibel,shopapi snapshot has no event/shop id or referrer; do not promote unless matched to an official Awakenings 2025 page snapshot,unattributed_wayback_shopapi_candidate,data\raw\awakenings_wayback_shopapi_probe\products_20240614092446.json
Awakenings Festival,2025,20240614092446,https://shopapi.id-t.com/api/v2/products,paylogic_ddb5adcb29ba4ee1a8b331f8dbf5d0c4,PREMIUM LAKESIDE CAMPING TICKET,ticket,309.95,281.77,28.18,False,"[{""en"": ""TRAVEL TICKETS"", ""nl"": ""TRAVEL TICKETS"", ""de"": ""TRAVEL TICKETS"", ""es"": ""TRAVEL TICKETS"", ""fr"": ""TRAVEL TICKETS"", ""pt"": ""TRAVEL TICKETS""}]",decibel,shopapi snapshot has no event/shop id or referrer; do not promote unless matched to an official Awakenings 2025 page snapshot,unattributed_wayback_shopapi_candidate,data\raw\awakenings_wayback_shopapi_probe\products_20240614092446.json
Awakenings Festival,2025,20240614092446,https://shopapi.id-t.com/api/v2/products,paylogic_e499e8a3fc004c8badf591ef831b92c6,SAVAGE SUNDAY FESTIVAL TICKET,ticket,74.95,68.14,6.81,False,[],decibel,shopapi snapshot has no event/shop id or referrer; do not promote unless matched to an official Awakenings 2025 page snapshot,unattributed_wayback_shopapi_candidate,data\raw\awakenings_wayback_shopapi_probe\products_20240614092446.json
Awakenings Festival,2025,20240614092446,https://shopapi.id-t.com/api/v2/products,paylogic_e61038b5308d4ca89fdc24631e9af821,SATURDAY FESTIVAL TICKET,ticket,99.95,90.86,9.09,False,[],decibel,shopapi snapshot has no event/shop id or referrer; do not promote unless matched to an official Awakenings 2025 page snapshot,unattributed_wayback_shopapi_candidate,data\raw\awakenings_wayback_shopapi_probe\products_20240614092446.json
Awakenings Festival,2025,20240614092446,https://shopapi.id-t.com/api/v2/products,paylogic_eb4c92bb7fda4a3bb5660c3102b83a03,SATURDAY PARKING,ticket,20,19,1,False,[],decibel,shopapi snapshot has no event/shop id or referrer; do not promote unless matched to an official Awakenings 2025 page snapshot,unattributed_wayback_shopapi_candidate,data\raw\awakenings_wayback_shopapi_probe\products_20240614092446.json
Awakenings Festival,2025,20240614092446,https://shopapi.id-t.com/api/v2/products,paylogic_eb4e9983bf0c48d4b03e902994e7c1a0,PREMIUM SAVAGE SUNDAY FESTIVAL TICKET,ticket,124.95,113.59,11.36,False,[],decibel,shopapi snapshot has no event/shop id or referrer; do not promote unless matched to an official Awakenings 2025 page snapshot,unattributed_wayback_shopapi_candidate,data\raw\awakenings_wayback_shopapi_probe\products_20240614092446.json
Awakenings Festival,2025,20240614092446,https://shopapi.id-t.com/api/v2/products,paylogic_eb6231853b4d48f891ad0aa9553624ca,CAMPSITE BUS TRANSFER TICKET,ticket,10,9.5,0.5,False,[],decibel,shopapi snapshot has no event/shop id or referrer; do not promote unless matched to an official Awakenings 2025 page snapshot,unattributed_wayback_shopapi_candidate,data\raw\awakenings_wayback_shopapi_probe\products_20240614092446.json
Awakenings Festival,2025,20240614092446,https://shopapi.id-t.com/api/v2/products,paylogic_ed838808f3d748f4acf407ef36d68dc8,PREMIUM SATURDAY FESTIVAL TICKET,ticket,174.95,159.05,15.9,False,[],decibel,shopapi snapshot has no event/shop id or referrer; do not promote unless matched to an official Awakenings 2025 page snapshot,unattributed_wayback_shopapi_candidate,data\raw\awakenings_wayback_shopapi_probe\products_20240614092446.json
Awakenings Festival,2025,20240614092446,https://shopapi.id-t.com/api/v2/products,paylogic_ffec6ab131914b909b730bdf6d638ce4,CHARITY DONATION,ticket,1.5,1.5,0,False,[],decibel,shopapi snapshot has no event/shop id or referrer; do not promote unless matched to an official Awakenings 2025 page snapshot,unattributed_wayback_shopapi_candidate,data\raw\awakenings_wayback_shopapi_probe\products_20240614092446.json
Awakenings Festival,2025,20240927070024,https://shopapi.id-t.com/api/v2/products,bleep_CqEZ6zuwRwWC7KD_83UY1g,Final ticket,ticket,74.5,67.86,6.64,False,[],,shopapi snapshot has no event/shop id or referrer; do not promote unless matched to an official Awakenings 2025 page snapshot,unattributed_wayback_shopapi_candidate,data\raw\awakenings_wayback_shopapi_probe\products_20240927070024.json
Awakenings Festival,2025,20240927070024,https://shopapi.id-t.com/api/v2/products,bleep_G3RKSkfyThKwgvUtbSuMPA,Group Ticket (includes 6 tickets),ticket,69.5,63.32,6.18,False,[],,shopapi snapshot has no event/shop id or referrer; do not promote unless matched to an official Awakenings 2025 page snapshot,unattributed_wayback_shopapi_candidate,data\raw\awakenings_wayback_shopapi_probe\products_20240927070024.json
Awakenings Festival,2025,20240927070024,https://shopapi.id-t.com/api/v2/products,bleep_H8dNWu56RkCTAbZ222_72w,Locker medium,ticket,11.5,10.5,1,False,[],,shopapi snapshot has no event/shop id or referrer; do not promote unless matched to an official Awakenings 2025 page snapshot,unattributed_wayback_shopapi_candidate,data\raw\awakenings_wayback_shopapi_probe\products_20240927070024.json
Awakenings Festival,2025,20240927070024,https://shopapi.id-t.com/api/v2/products,bleep_JX8JCItdSwmRZZsPHcaxxg,Early bird ticket,ticket,60.5,55.14,5.36,False,[],,shopapi snapshot has no event/shop id or referrer; do not promote unless matched to an official Awakenings 2025 page snapshot,unattributed_wayback_shopapi_candidate,data\raw\awakenings_wayback_shopapi_probe\products_20240927070024.json
Awakenings Festival,2025,20240927070024,https://shopapi.id-t.com/api/v2/products,bleep_JaDII8yiS8ygrVn1ld3dVw,Locker large,ticket,14.5,13.5,1,False,[],,shopapi snapshot has no event/shop id or referrer; do not promote unless matched to an official Awakenings 2025 page snapshot,unattributed_wayback_shopapi_candidate,data\raw\awakenings_wayback_shopapi_probe\products_20240927070024.json
Awakenings Festival,2025,20240927070024,https://shopapi.id-t.com/api/v2/products,bleep_JzTgr6f9ThmzcqQZh7mOBQ,CO2 Compensation Reforestation – National visitor,ticket,1,1,0,False,[],,shopapi snapshot has no event/shop id or referrer; do not promote unless matched to an official Awakenings 2025 page snapshot,unattributed_wayback_shopapi_candidate,data\raw\awakenings_wayback_shopapi_probe\products_20240927070024.json
Awakenings Festival,2025,20240927070024,https://shopapi.id-t.com/api/v2/products,bleep_Y4nzPYWWR2OVfEOmHhP-MA,Final ticket - Reseller,ticket,74.5,67.86,6.64,False,[],,shopapi snapshot has no event/shop id or referrer; do not promote unless matched to an official Awakenings 2025 page snapshot,unattributed_wayback_shopapi_candidate,data\raw\awakenings_wayback_shopapi_probe\products_20240927070024.json
Awakenings Festival,2025,20240927070024,https://shopapi.id-t.com/api/v2/products,bleep_Y5FTLSa1SF6PkbHwu_uORQ,Regular ticket,ticket,69.5,63.32,6.18,False,[],,shopapi snapshot has no event/shop id or referrer; do not promote unless matched to an official Awakenings 2025 page snapshot,unattributed_wayback_shopapi_candidate,data\raw\awakenings_wayback_shopapi_probe\products_20240927070024.json
Awakenings Festival,2025,20240927070024,https://shopapi.id-t.com/api/v2/products,bleep_dMLNYiF3TPWV63w7NOT1hA,Neighbours ticket,ticket,50,45.59,4.41,False,[],,shopapi snapshot has no event/shop id or referrer; do not promote unless matched to an official Awakenings 2025 page snapshot,unattributed_wayback_shopapi_candidate,data\raw\awakenings_wayback_shopapi_probe\products_20240927070024.json
Awakenings Festival,2025,20240927070024,https://shopapi.id-t.com/api/v2/products,bleep_dqDUXmCLSvmjuYHJmMuj3A,CO2 Compensation Reforestation – International visitor,ticket,6,6,0,False,[],,shopapi snapshot has no event/shop id or referrer; do not promote unless matched to an official Awakenings 2025 page snapshot,unattributed_wayback_shopapi_candidate,data\raw\awakenings_wayback_shopapi_probe\products_20240927070024.json
