artist_name,genre_name,source,confidence,source_url
1991,comedy drama,Wikidata SPARQL P136,structured_exact_label,https://query.wikidata.org/
1991,contemporary r&b,Wikidata SPARQL P136,structured_exact_label,https://query.wikidata.org/
1991,drum and bass,Wikidata SPARQL P136,structured_exact_label,https://query.wikidata.org/
1991,edm trap music,Wikidata SPARQL P136,structured_exact_label,https://query.wikidata.org/
1991,hip house,Wikidata SPARQL P136,structured_exact_label,https://query.wikidata.org/
1991,hip-hop,Wikidata SPARQL P136,structured_exact_label,https://query.wikidata.org/
1991,new wave,Wikidata SPARQL P136,structured_exact_label,https://query.wikidata.org/
ALOK,deep house,MusicBrainz artist tag,community_tag_top_result,https://musicbrainz.org/doc/MusicBrainz_API
ALOK,electro house,MusicBrainz artist tag,community_tag_top_result,https://musicbrainz.org/doc/MusicBrainz_API
ALOK,electronic dance music,MusicBrainz artist tag,community_tag_top_result,https://musicbrainz.org/doc/MusicBrainz_API
ALOK,future bass,MusicBrainz artist tag,community_tag_top_result,https://musicbrainz.org/doc/MusicBrainz_API
ALOK,progressive house,MusicBrainz artist tag,community_tag_top_result,https://musicbrainz.org/doc/MusicBrainz_API
ALOK,tech house,MusicBrainz artist tag,community_tag_top_result,https://musicbrainz.org/doc/MusicBrainz_API
ALOK,tropical house,MusicBrainz artist tag,community_tag_top_result,https://musicbrainz.org/doc/MusicBrainz_API
ANNA,nu metal,Wikidata SPARQL P136,structured_exact_label,https://query.wikidata.org/
Aaron Sevilla,afro house,MusicBrainz artist tag,community_tag_top_result,https://musicbrainz.org/doc/MusicBrainz_API
Aaron Sevilla,house,MusicBrainz artist tag,community_tag_top_result,https://musicbrainz.org/doc/MusicBrainz_API
Aaron Sevilla,latin house,MusicBrainz artist tag,community_tag_top_result,https://musicbrainz.org/doc/MusicBrainz_API
Aaron Sevilla,organic house,MusicBrainz artist tag,community_tag_top_result,https://musicbrainz.org/doc/MusicBrainz_API
Aaron Sevilla,tech house,MusicBrainz artist tag,community_tag_top_result,https://musicbrainz.org/doc/MusicBrainz_API
Aaron Sevilla,tribal house,MusicBrainz artist tag,community_tag_top_result,https://musicbrainz.org/doc/MusicBrainz_API
Adam Beyer,techno,Wikidata SPARQL P136,structured_exact_label,https://query.wikidata.org/
Adrenalize,glam metal,Wikidata SPARQL P136,structured_exact_label,https://query.wikidata.org/
Adrenalize,glam rock,Wikidata SPARQL P136,structured_exact_label,https://query.wikidata.org/
Adrenalize,hardstyle,Wikidata SPARQL P136,structured_exact_label,https://query.wikidata.org/
Afrojack,electro house,Wikidata SPARQL P136,structured_exact_label,https://query.wikidata.org/
Afrojack,electronic dance music,Wikidata SPARQL P136,structured_exact_label,https://query.wikidata.org/
Afrojack,moombahton,Wikidata SPARQL P136,structured_exact_label,https://query.wikidata.org/
Agents of Time,house,MusicBrainz artist tag,community_tag_top_result,https://musicbrainz.org/doc/MusicBrainz_API
Agents of Time,melodic house,MusicBrainz artist tag,community_tag_top_result,https://musicbrainz.org/doc/MusicBrainz_API
Agents of Time,melodic techno,MusicBrainz artist tag,community_tag_top_result,https://musicbrainz.org/doc/MusicBrainz_API
Agents of Time,minimal techno,MusicBrainz artist tag,community_tag_top_result,https://musicbrainz.org/doc/MusicBrainz_API
Agents of Time,progressive house,MusicBrainz artist tag,community_tag_top_result,https://musicbrainz.org/doc/MusicBrainz_API
Agents of Time,progressive trance,MusicBrainz artist tag,community_tag_top_result,https://musicbrainz.org/doc/MusicBrainz_API
Airod,hard techno,MusicBrainz artist tag,community_tag_top_result,https://musicbrainz.org/doc/MusicBrainz_API
Airod,techno,MusicBrainz artist tag,community_tag_top_result,https://musicbrainz.org/doc/MusicBrainz_API
Ajna,pop music,Wikidata SPARQL P136,structured_exact_label,https://query.wikidata.org/
Alan Walker,electronic dance music,Wikidata SPARQL P136,structured_exact_label,https://query.wikidata.org/
Alan Walker,electropop,Wikidata SPARQL P136,structured_exact_label,https://query.wikidata.org/
Alan Walker,progressive house,Wikidata SPARQL P136,structured_exact_label,https://query.wikidata.org/
Alan Walker,romantic music,Wikidata SPARQL P136,structured_exact_label,https://query.wikidata.org/
Albert Harvey,contemporary r&b,Wikidata SPARQL P136,structured_exact_label,https://query.wikidata.org/
Albert Harvey,dance-pop,Wikidata SPARQL P136,structured_exact_label,https://query.wikidata.org/
Albert Harvey,electronic dance music,Wikidata SPARQL P136,structured_exact_label,https://query.wikidata.org/
Albert Harvey,electropop,Wikidata SPARQL P136,structured_exact_label,https://query.wikidata.org/
Albert Harvey,pop music,Wikidata SPARQL P136,structured_exact_label,https://query.wikidata.org/
Alex Wann,afro house,Wikidata SPARQL P136,structured_exact_label,https://query.wikidata.org/
Alexander Popov,biographical film,Wikidata SPARQL P136,structured_exact_label,https://query.wikidata.org/
Alexander Popov,drama film,Wikidata SPARQL P136,structured_exact_label,https://query.wikidata.org/
Alexander Popov,trance,Wikidata SPARQL P136,structured_exact_label,https://query.wikidata.org/
Amber Broos,techno,MusicBrainz artist tag,community_tag_top_result,https://musicbrainz.org/doc/MusicBrainz_API
Amelie Lens,electronic dance music,Wikidata SPARQL P136,structured_exact_label,https://query.wikidata.org/
Amelie Lens,techno,Wikidata SPARQL P136,structured_exact_label,https://query.wikidata.org/
Anders,contemporary r&b,Wikidata SPARQL P136,structured_exact_label,https://query.wikidata.org/
Anders,dutch hip hop,Wikidata SPARQL P136,structured_exact_label,https://query.wikidata.org/
Anders,stand-up comedy,Wikidata SPARQL P136,structured_exact_label,https://query.wikidata.org/
Andromedik,drum and bass,Wikidata SPARQL P136,structured_exact_label,https://query.wikidata.org/
Andy C,drum and bass,Wikidata SPARQL P136,structured_exact_label,https://query.wikidata.org/
Angemi,house,MusicBrainz artist tag,community_tag_top_result,https://musicbrainz.org/doc/MusicBrainz_API
Angerfist,hardcore,Wikidata SPARQL P136,structured_exact_label,https://query.wikidata.org/
Anii,deep house,MusicBrainz artist tag,community_tag_top_result,https://musicbrainz.org/doc/MusicBrainz_API
Anii,electronic dance music,MusicBrainz artist tag,community_tag_top_result,https://musicbrainz.org/doc/MusicBrainz_API
Anii,house,MusicBrainz artist tag,community_tag_top_result,https://musicbrainz.org/doc/MusicBrainz_API
Anii,melodic house,MusicBrainz artist tag,community_tag_top_result,https://musicbrainz.org/doc/MusicBrainz_API
Anii,melodic techno,MusicBrainz artist tag,community_tag_top_result,https://musicbrainz.org/doc/MusicBrainz_API
Anii,peak time techno,MusicBrainz artist tag,community_tag_top_result,https://musicbrainz.org/doc/MusicBrainz_API
Anii,progressive house,MusicBrainz artist tag,community_tag_top_result,https://musicbrainz.org/doc/MusicBrainz_API
Anii,tech house,MusicBrainz artist tag,community_tag_top_result,https://musicbrainz.org/doc/MusicBrainz_API
Anii,techno,MusicBrainz artist tag,community_tag_top_result,https://musicbrainz.org/doc/MusicBrainz_API
Anyma,melodic house,MusicBrainz artist tag,community_tag_top_result,https://musicbrainz.org/doc/MusicBrainz_API
Anyma,melodic techno,MusicBrainz artist tag,community_tag_top_result,https://musicbrainz.org/doc/MusicBrainz_API
Argy,minimal house,MusicBrainz artist tag,community_tag_top_result,https://musicbrainz.org/doc/MusicBrainz_API
Argy,tech house,MusicBrainz artist tag,community_tag_top_result,https://musicbrainz.org/doc/MusicBrainz_API
Armin van Buuren,electro house,Wikidata SPARQL P136,structured_exact_label,https://query.wikidata.org/
Armin van Buuren,progressive house,Wikidata SPARQL P136,structured_exact_label,https://query.wikidata.org/
Armin van Buuren,progressive trance,Wikidata SPARQL P136,structured_exact_label,https://query.wikidata.org/
Armin van Buuren,psychedelic trance,Wikidata SPARQL P136,structured_exact_label,https://query.wikidata.org/
Armin van Buuren,tech trance,Wikidata SPARQL P136,structured_exact_label,https://query.wikidata.org/
Armin van Buuren,trance,Wikidata SPARQL P136,structured_exact_label,https://query.wikidata.org/
Armin van Buuren,uplifting trance,Wikidata SPARQL P136,structured_exact_label,https://query.wikidata.org/
Armin van Buuren,vocal trance,Wikidata SPARQL P136,structured_exact_label,https://query.wikidata.org/
Artbat,deep house,MusicBrainz artist tag,community_tag_top_result,https://musicbrainz.org/doc/MusicBrainz_API
Artbat,house,MusicBrainz artist tag,community_tag_top_result,https://musicbrainz.org/doc/MusicBrainz_API
Artbat,melodic house,MusicBrainz artist tag,community_tag_top_result,https://musicbrainz.org/doc/MusicBrainz_API
Artbat,melodic techno,MusicBrainz artist tag,community_tag_top_result,https://musicbrainz.org/doc/MusicBrainz_API
Artbat,peak time techno,MusicBrainz artist tag,community_tag_top_result,https://musicbrainz.org/doc/MusicBrainz_API
Artbat,techno,MusicBrainz artist tag,community_tag_top_result,https://musicbrainz.org/doc/MusicBrainz_API
Axel Haube,cosmic techno,MusicBrainz artist tag,community_tag_top_result,https://musicbrainz.org/doc/MusicBrainz_API
Axel Haube,dark house,MusicBrainz artist tag,community_tag_top_result,https://musicbrainz.org/doc/MusicBrainz_API
Axel Haube,house,MusicBrainz artist tag,community_tag_top_result,https://musicbrainz.org/doc/MusicBrainz_API
Axel Haube,melodic house,MusicBrainz artist tag,community_tag_top_result,https://musicbrainz.org/doc/MusicBrainz_API
Axel Haube,melodic techno,MusicBrainz artist tag,community_tag_top_result,https://musicbrainz.org/doc/MusicBrainz_API
Axel Haube,trance,MusicBrainz artist tag,community_tag_top_result,https://musicbrainz.org/doc/MusicBrainz_API
Axwell,house music,Wikidata SPARQL P136,structured_exact_label,https://query.wikidata.org/
B Jones,electronic dance music,Wikidata SPARQL P136,structured_exact_label,https://query.wikidata.org/
B Jones,house music,Wikidata SPARQL P136,structured_exact_label,https://query.wikidata.org/
B Jones,music of spain,Wikidata SPARQL P136,structured_exact_label,https://query.wikidata.org/
B Jones,soul,Wikidata SPARQL P136,structured_exact_label,https://query.wikidata.org/
BLOND:ISH,deep house,MusicBrainz artist tag,community_tag_top_result,https://musicbrainz.org/doc/MusicBrainz_API
BLOND:ISH,house,MusicBrainz artist tag,community_tag_top_result,https://musicbrainz.org/doc/MusicBrainz_API
Bassjackers,dutch house,Wikidata SPARQL P136,structured_exact_label,https://query.wikidata.org/
Bassjackers,electro house,Wikidata SPARQL P136,structured_exact_label,https://query.wikidata.org/
Basstripper,drum and bass,MusicBrainz artist tag,community_tag_top_result,https://musicbrainz.org/doc/MusicBrainz_API
Basstripper,drum n bass,MusicBrainz artist tag,community_tag_top_result,https://musicbrainz.org/doc/MusicBrainz_API
Basswell,hard techno,MusicBrainz artist tag,community_tag_top_result,https://musicbrainz.org/doc/MusicBrainz_API
Basswell,techno,MusicBrainz artist tag,community_tag_top_result,https://musicbrainz.org/doc/MusicBrainz_API
Bastin,bass,MusicBrainz artist tag,community_tag_top_result,https://musicbrainz.org/doc/MusicBrainz_API
Bastin,belgian bass,MusicBrainz artist tag,community_tag_top_result,https://musicbrainz.org/doc/MusicBrainz_API
Benwal,house music,Wikidata SPARQL P136,structured_exact_label,https://query.wikidata.org/
Benwal,rave music,Wikidata SPARQL P136,structured_exact_label,https://query.wikidata.org/
Benwal,trance,Wikidata SPARQL P136,structured_exact_label,https://query.wikidata.org/
Betical,electronic dance music,Wikidata SPARQL P136,structured_exact_label,https://query.wikidata.org/
Bingo Players,electro house,Wikidata SPARQL P136,structured_exact_label,https://query.wikidata.org/
Bingo Players,electronic dance music,Wikidata SPARQL P136,structured_exact_label,https://query.wikidata.org/
Blasterjaxx,dutch house,Wikidata SPARQL P136,structured_exact_label,https://query.wikidata.org/
Blasterjaxx,electro house,Wikidata SPARQL P136,structured_exact_label,https://query.wikidata.org/
Blastoyz,psychedelic trance,Wikidata SPARQL P136,structured_exact_label,https://query.wikidata.org/
Bon Voyage,abstract art,Wikidata SPARQL P136,structured_exact_label,https://query.wikidata.org/
Bon Voyage,berlin school of electronic music,Wikidata SPARQL P136,structured_exact_label,https://query.wikidata.org/
Bon Voyage,black comedy film,Wikidata SPARQL P136,structured_exact_label,https://query.wikidata.org/
Bon Voyage,comedy drama,Wikidata SPARQL P136,structured_exact_label,https://query.wikidata.org/
Bon Voyage,comedy film,Wikidata SPARQL P136,structured_exact_label,https://query.wikidata.org/
Bon Voyage,drama film,Wikidata SPARQL P136,structured_exact_label,https://query.wikidata.org/
Bon Voyage,electronic dance music,Wikidata SPARQL P136,structured_exact_label,https://query.wikidata.org/
Bon Voyage,german hip-hop,Wikidata SPARQL P136,structured_exact_label,https://query.wikidata.org/
Bon Voyage,j-pop,Wikidata SPARQL P136,structured_exact_label,https://query.wikidata.org/
Bon Voyage,jazz,Wikidata SPARQL P136,structured_exact_label,https://query.wikidata.org/
Bon Voyage,musical film,Wikidata SPARQL P136,structured_exact_label,https://query.wikidata.org/
Bon Voyage,pop music,Wikidata SPARQL P136,structured_exact_label,https://query.wikidata.org/
Bon Voyage,pop rock,Wikidata SPARQL P136,structured_exact_label,https://query.wikidata.org/
Bon Voyage,propaganda film,Wikidata SPARQL P136,structured_exact_label,https://query.wikidata.org/
Bon Voyage,psychedelic rock,Wikidata SPARQL P136,structured_exact_label,https://query.wikidata.org/
Boris Brejcha,minimal techno,Wikidata SPARQL P136,structured_exact_label,https://query.wikidata.org/
Boris Brejcha,techno,Wikidata SPARQL P136,structured_exact_label,https://query.wikidata.org/
Boris Brejcha,trance,Wikidata SPARQL P136,structured_exact_label,https://query.wikidata.org/
Brennan Heart,hardstyle,Wikidata SPARQL P136,structured_exact_label,https://query.wikidata.org/
Camo & Krooked,drum and bass,Wikidata SPARQL P136,structured_exact_label,https://query.wikidata.org/
Chapter & Verse,book review,Wikidata SPARQL P136,structured_exact_label,https://query.wikidata.org/
Charlotte de Witte,techno,Wikidata SPARQL P136,structured_exact_label,https://query.wikidata.org/
Christophe,chanson,Wikidata SPARQL P136,structured_exact_label,https://query.wikidata.org/
Christophe,downtempo,Wikidata SPARQL P136,structured_exact_label,https://query.wikidata.org/
Christophe,electronic rock,Wikidata SPARQL P136,structured_exact_label,https://query.wikidata.org/
Christophe,experimental music,Wikidata SPARQL P136,structured_exact_label,https://query.wikidata.org/
Christophe,gay pornographic film,Wikidata SPARQL P136,structured_exact_label,https://query.wikidata.org/
Christophe,pop music,Wikidata SPARQL P136,structured_exact_label,https://query.wikidata.org/
Christophe,trip hop,Wikidata SPARQL P136,structured_exact_label,https://query.wikidata.org/
Cloudy,dub techno,MusicBrainz artist tag,community_tag_top_result,https://musicbrainz.org/doc/MusicBrainz_API
Coone,hardstyle,Wikidata SPARQL P136,structured_exact_label,https://query.wikidata.org/
Crankdat,dubstep,Wikidata SPARQL P136,structured_exact_label,https://query.wikidata.org/
Curol,afro house,MusicBrainz artist tag,community_tag_top_result,https://musicbrainz.org/doc/MusicBrainz_API
Curol,deep house,MusicBrainz artist tag,community_tag_top_result,https://musicbrainz.org/doc/MusicBrainz_API
Curol,electronic dance music,MusicBrainz artist tag,community_tag_top_result,https://musicbrainz.org/doc/MusicBrainz_API
Curol,funky house,MusicBrainz artist tag,community_tag_top_result,https://musicbrainz.org/doc/MusicBrainz_API
Curol,house,MusicBrainz artist tag,community_tag_top_result,https://musicbrainz.org/doc/MusicBrainz_API
Curol,latin house,MusicBrainz artist tag,community_tag_top_result,https://musicbrainz.org/doc/MusicBrainz_API
Curol,melodic house,MusicBrainz artist tag,community_tag_top_result,https://musicbrainz.org/doc/MusicBrainz_API
Curol,melodic techno,MusicBrainz artist tag,community_tag_top_result,https://musicbrainz.org/doc/MusicBrainz_API
Curol,organic house,MusicBrainz artist tag,community_tag_top_result,https://musicbrainz.org/doc/MusicBrainz_API
Curol,progressive house,MusicBrainz artist tag,community_tag_top_result,https://musicbrainz.org/doc/MusicBrainz_API
Curol,psytrance,MusicBrainz artist tag,community_tag_top_result,https://musicbrainz.org/doc/MusicBrainz_API
Curol,tech house,MusicBrainz artist tag,community_tag_top_result,https://musicbrainz.org/doc/MusicBrainz_API
Curol,tribal house,MusicBrainz artist tag,community_tag_top_result,https://musicbrainz.org/doc/MusicBrainz_API
Curses,fantasy,Wikidata SPARQL P136,structured_exact_label,https://query.wikidata.org/
Curses,interactive fiction,Wikidata SPARQL P136,structured_exact_label,https://query.wikidata.org/
Curses,post-hardcore,Wikidata SPARQL P136,structured_exact_label,https://query.wikidata.org/
Cyril,electronic dance music,Wikidata SPARQL P136,structured_exact_label,https://query.wikidata.org/
Cyril,horror fiction,Wikidata SPARQL P136,structured_exact_label,https://query.wikidata.org/
Cyril,house music,Wikidata SPARQL P136,structured_exact_label,https://query.wikidata.org/
DJ F.R.A.N.K,euro house,MusicBrainz artist tag,community_tag_top_result,https://musicbrainz.org/doc/MusicBrainz_API
DJ F.R.A.N.K,house,MusicBrainz artist tag,community_tag_top_result,https://musicbrainz.org/doc/MusicBrainz_API
DJ Furax,techno,Wikidata SPARQL P136,structured_exact_label,https://query.wikidata.org/
DJ Jan,trance,MusicBrainz artist tag,community_tag_top_result,https://musicbrainz.org/doc/MusicBrainz_API
DJ Phantasy,breakbeat hardcore,Wikidata SPARQL P136,structured_exact_label,https://query.wikidata.org/
DJ Phantasy,electronic dance music,Wikidata SPARQL P136,structured_exact_label,https://query.wikidata.org/
DJ Phantasy,jungle,Wikidata SPARQL P136,structured_exact_label,https://query.wikidata.org/
DJ Quicksilver,house music,Wikidata SPARQL P136,structured_exact_label,https://query.wikidata.org/
DJ Quicksilver,techno,Wikidata SPARQL P136,structured_exact_label,https://query.wikidata.org/
DJ Quicksilver,trance,Wikidata SPARQL P136,structured_exact_label,https://query.wikidata.org/
DJ Wout,trance,MusicBrainz artist tag,community_tag_top_result,https://musicbrainz.org/doc/MusicBrainz_API
DRS,rhythm and blues,Wikidata SPARQL P136,structured_exact_label,https://query.wikidata.org/
DVBBS,big room house,Wikidata SPARQL P136,structured_exact_label,https://query.wikidata.org/
DVBBS,electro house,Wikidata SPARQL P136,structured_exact_label,https://query.wikidata.org/
DVBBS,electronic dance music,Wikidata SPARQL P136,structured_exact_label,https://query.wikidata.org/
DYEN,hard techno,MusicBrainz artist tag,community_tag_top_result,https://musicbrainz.org/doc/MusicBrainz_API
DYEN,industrial techno,MusicBrainz artist tag,community_tag_top_result,https://musicbrainz.org/doc/MusicBrainz_API
DYEN,techno,MusicBrainz artist tag,community_tag_top_result,https://musicbrainz.org/doc/MusicBrainz_API
Da Tweekaz,hardstyle,Wikidata SPARQL P136,structured_exact_label,https://query.wikidata.org/
Damian Lazarus,electronic dance music,Wikidata SPARQL P136,structured_exact_label,https://query.wikidata.org/
Dannic,dutch house,Wikidata SPARQL P136,structured_exact_label,https://query.wikidata.org/
Dannic,electro house,Wikidata SPARQL P136,structured_exact_label,https://query.wikidata.org/
Darren Styles,breakbeat hardcore,Wikidata SPARQL P136,structured_exact_label,https://query.wikidata.org/
Dave Lambert,jazz,Wikidata SPARQL P136,structured_exact_label,https://query.wikidata.org/
Dave Lambert,rock music,Wikidata SPARQL P136,structured_exact_label,https://query.wikidata.org/
David Guetta,electro house,Wikidata SPARQL P136,structured_exact_label,https://query.wikidata.org/
David Guetta,electroclash,Wikidata SPARQL P136,structured_exact_label,https://query.wikidata.org/
David Guetta,electronic dance music,Wikidata SPARQL P136,structured_exact_label,https://query.wikidata.org/
David Guetta,house music,Wikidata SPARQL P136,structured_exact_label,https://query.wikidata.org/
Deadmau5,electro house,Wikidata SPARQL P136,structured_exact_label,https://query.wikidata.org/
Deadmau5,electronic dance music,Wikidata SPARQL P136,structured_exact_label,https://query.wikidata.org/
Deadmau5,progressive house,Wikidata SPARQL P136,structured_exact_label,https://query.wikidata.org/
Demi Kanon,hardstyle,MusicBrainz artist tag,community_tag_top_result,https://musicbrainz.org/doc/MusicBrainz_API
Diego Miranda,progressive house,Wikidata SPARQL P136,structured_exact_label,https://query.wikidata.org/
Dillon Francis,dubstep,MusicBrainz artist tag,community_tag_top_result,https://musicbrainz.org/doc/MusicBrainz_API
Dillon Francis,electro house,MusicBrainz artist tag,community_tag_top_result,https://musicbrainz.org/doc/MusicBrainz_API
Dillon Francis,electronic dance music,MusicBrainz artist tag,community_tag_top_result,https://musicbrainz.org/doc/MusicBrainz_API
Dillon Francis,progressive house,MusicBrainz artist tag,community_tag_top_result,https://musicbrainz.org/doc/MusicBrainz_API
Dimension,action game,Wikidata SPARQL P136,structured_exact_label,https://query.wikidata.org/
Dimension,action-adventure game,Wikidata SPARQL P136,structured_exact_label,https://query.wikidata.org/
Dimension,adventure video game,Wikidata SPARQL P136,structured_exact_label,https://query.wikidata.org/
Dimension,contemporary r&b,Wikidata SPARQL P136,structured_exact_label,https://query.wikidata.org/
Dimension,hard rock,Wikidata SPARQL P136,structured_exact_label,https://query.wikidata.org/
Dimension,jazz,Wikidata SPARQL P136,structured_exact_label,https://query.wikidata.org/
Dimension,jazz fusion,Wikidata SPARQL P136,structured_exact_label,https://query.wikidata.org/
Dimension,rock music,Wikidata SPARQL P136,structured_exact_label,https://query.wikidata.org/
Dimension,strategy video game,Wikidata SPARQL P136,structured_exact_label,https://query.wikidata.org/
Dimitri Vegas,house,MusicBrainz artist tag,community_tag_top_result,https://musicbrainz.org/doc/MusicBrainz_API
Dimitri Vegas & Like Mike,dutch house,Wikidata SPARQL P136,structured_exact_label,https://query.wikidata.org/
Dimitri Vegas & Like Mike,electro house,Wikidata SPARQL P136,structured_exact_label,https://query.wikidata.org/
Dimitri Vegas & Like Mike,electronic dance music,Wikidata SPARQL P136,structured_exact_label,https://query.wikidata.org/
Dino Lenny,house,MusicBrainz artist tag,community_tag_top_result,https://musicbrainz.org/doc/MusicBrainz_API
Dirtyphonics,drum and bass,Wikidata SPARQL P136,structured_exact_label,https://query.wikidata.org/
Dirtyphonics,electro house,Wikidata SPARQL P136,structured_exact_label,https://query.wikidata.org/
Dixon,deep house,Wikidata SPARQL P136,structured_exact_label,https://query.wikidata.org/
Dub Elements,drum and bass,MusicBrainz artist tag,community_tag_top_result,https://musicbrainz.org/doc/MusicBrainz_API
Dubdogz,house,MusicBrainz artist tag,community_tag_top_result,https://musicbrainz.org/doc/MusicBrainz_API
Dubvision,electro house,MusicBrainz artist tag,community_tag_top_result,https://musicbrainz.org/doc/MusicBrainz_API
Dubvision,electronic dance music,MusicBrainz artist tag,community_tag_top_result,https://musicbrainz.org/doc/MusicBrainz_API
Dubvision,house,MusicBrainz artist tag,community_tag_top_result,https://musicbrainz.org/doc/MusicBrainz_API
Dubvision,progressive house,MusicBrainz artist tag,community_tag_top_result,https://musicbrainz.org/doc/MusicBrainz_API
ELIF,adventure video game,Wikidata SPARQL P136,structured_exact_label,https://query.wikidata.org/
ELIF,casual game,Wikidata SPARQL P136,structured_exact_label,https://query.wikidata.org/
Ely Oaks,electronic dance music,MusicBrainz artist tag,community_tag_top_result,https://musicbrainz.org/doc/MusicBrainz_API
Emjie,house,MusicBrainz artist tag,community_tag_top_result,https://musicbrainz.org/doc/MusicBrainz_API
Eptic,dubstep,Wikidata SPARQL P136,structured_exact_label,https://query.wikidata.org/
Eric Prydz,house music,Wikidata SPARQL P136,structured_exact_label,https://query.wikidata.org/
Eric Prydz,progressive house,Wikidata SPARQL P136,structured_exact_label,https://query.wikidata.org/
Eric Prydz,tech house,Wikidata SPARQL P136,structured_exact_label,https://query.wikidata.org/
FJAAK,techno,MusicBrainz artist tag,community_tag_top_result,https://musicbrainz.org/doc/MusicBrainz_API
Fabio Fusco,psytrance,MusicBrainz artist tag,community_tag_top_result,https://musicbrainz.org/doc/MusicBrainz_API
Fantasm,comedy film,Wikidata SPARQL P136,structured_exact_label,https://query.wikidata.org/
Fantasm,hard techno,Wikidata SPARQL P136,structured_exact_label,https://query.wikidata.org/
Fantasm,industrial techno,Wikidata SPARQL P136,structured_exact_label,https://query.wikidata.org/
Fedde Le Grand,electro house,MusicBrainz artist tag,community_tag_top_result,https://musicbrainz.org/doc/MusicBrainz_API
Fedde Le Grand,house,MusicBrainz artist tag,community_tag_top_result,https://musicbrainz.org/doc/MusicBrainz_API
Fideles,deep house,MusicBrainz artist tag,community_tag_top_result,https://musicbrainz.org/doc/MusicBrainz_API
Fideles,house,MusicBrainz artist tag,community_tag_top_result,https://musicbrainz.org/doc/MusicBrainz_API
Fideles,melodic house,MusicBrainz artist tag,community_tag_top_result,https://musicbrainz.org/doc/MusicBrainz_API
Fideles,melodic techno,MusicBrainz artist tag,community_tag_top_result,https://musicbrainz.org/doc/MusicBrainz_API
Fideles,peak time techno,MusicBrainz artist tag,community_tag_top_result,https://musicbrainz.org/doc/MusicBrainz_API
Fideles,tech house,MusicBrainz artist tag,community_tag_top_result,https://musicbrainz.org/doc/MusicBrainz_API
Fideles,techno,MusicBrainz artist tag,community_tag_top_result,https://musicbrainz.org/doc/MusicBrainz_API
Firebeatz,electro house,Wikidata SPARQL P136,structured_exact_label,https://query.wikidata.org/
Firebeatz,future house,Wikidata SPARQL P136,structured_exact_label,https://query.wikidata.org/
Firebeatz,progressive house,Wikidata SPARQL P136,structured_exact_label,https://query.wikidata.org/
Fisher,detective fiction,Wikidata SPARQL P136,structured_exact_label,https://query.wikidata.org/
Fisher,drama film,Wikidata SPARQL P136,structured_exact_label,https://query.wikidata.org/
Fisher,public art,Wikidata SPARQL P136,structured_exact_label,https://query.wikidata.org/
Fisher,tech house,Wikidata SPARQL P136,structured_exact_label,https://query.wikidata.org/
Fisher,thriller,Wikidata SPARQL P136,structured_exact_label,https://query.wikidata.org/
Ftampa,big room house,MusicBrainz artist tag,community_tag_top_result,https://musicbrainz.org/doc/MusicBrainz_API
Ftampa,electro house,MusicBrainz artist tag,community_tag_top_result,https://musicbrainz.org/doc/MusicBrainz_API
Ftampa,electronic dance music,MusicBrainz artist tag,community_tag_top_result,https://musicbrainz.org/doc/MusicBrainz_API
Ftampa,progressive house,MusicBrainz artist tag,community_tag_top_result,https://musicbrainz.org/doc/MusicBrainz_API
Galactixx,hardstyle,Wikidata SPARQL P136,structured_exact_label,https://query.wikidata.org/
Gino,drama film,Wikidata SPARQL P136,structured_exact_label,https://query.wikidata.org/
Girls Don't Sync,house music,Wikidata SPARQL P136,structured_exact_label,https://query.wikidata.org/
Goodboys,hip-hop,Wikidata SPARQL P136,structured_exact_label,https://query.wikidata.org/
Goodboys,house music,Wikidata SPARQL P136,structured_exact_label,https://query.wikidata.org/
Goodboys,pop rap,Wikidata SPARQL P136,structured_exact_label,https://query.wikidata.org/
Goodboys,trap music,Wikidata SPARQL P136,structured_exact_label,https://query.wikidata.org/
Gordo,dubstep,Wikidata SPARQL P136,structured_exact_label,https://query.wikidata.org/
Gordo,electro house,Wikidata SPARQL P136,structured_exact_label,https://query.wikidata.org/
Gordo,electronic dance music,Wikidata SPARQL P136,structured_exact_label,https://query.wikidata.org/
Gordo,hip hop culture,Wikidata SPARQL P136,structured_exact_label,https://query.wikidata.org/
Gordo,trap music,Wikidata SPARQL P136,structured_exact_label,https://query.wikidata.org/
HALO,k-pop,Wikidata SPARQL P136,structured_exact_label,https://query.wikidata.org/
Hannah Laing,hard house,Wikidata SPARQL P136,structured_exact_label,https://query.wikidata.org/
Hannah Laing,techno,Wikidata SPARQL P136,structured_exact_label,https://query.wikidata.org/
Hannah Laing,trance,Wikidata SPARQL P136,structured_exact_label,https://query.wikidata.org/
Hard Driver,racing video game,Wikidata SPARQL P136,structured_exact_label,https://query.wikidata.org/
Hard Driver,sports video game,Wikidata SPARQL P136,structured_exact_label,https://query.wikidata.org/
Hardwell,dutch house,Wikidata SPARQL P136,structured_exact_label,https://query.wikidata.org/
Hardwell,edm trap music,Wikidata SPARQL P136,structured_exact_label,https://query.wikidata.org/
Hardwell,electro house,Wikidata SPARQL P136,structured_exact_label,https://query.wikidata.org/
Hardwell,hardstyle,Wikidata SPARQL P136,structured_exact_label,https://query.wikidata.org/
Henri PFR,tropical house,Wikidata SPARQL P136,structured_exact_label,https://query.wikidata.org/
Hi-Profile,psytrance,MusicBrainz artist tag,community_tag_top_result,https://musicbrainz.org/doc/MusicBrainz_API
Hide N Seek,action film,Wikidata SPARQL P136,structured_exact_label,https://query.wikidata.org/
Hide N Seek,crime thriller film,Wikidata SPARQL P136,structured_exact_label,https://query.wikidata.org/
Hugel,electronic dance music,MusicBrainz artist tag,community_tag_top_result,https://musicbrainz.org/doc/MusicBrainz_API
Hugel,house,MusicBrainz artist tag,community_tag_top_result,https://musicbrainz.org/doc/MusicBrainz_API
Hugel,latin house,MusicBrainz artist tag,community_tag_top_result,https://musicbrainz.org/doc/MusicBrainz_API
Hunter,action film,Wikidata SPARQL P136,structured_exact_label,https://query.wikidata.org/
Hunter,action game,Wikidata SPARQL P136,structured_exact_label,https://query.wikidata.org/
Hunter,action television series,Wikidata SPARQL P136,structured_exact_label,https://query.wikidata.org/
Hunter,action-adventure game,Wikidata SPARQL P136,structured_exact_label,https://query.wikidata.org/
Hunter,casual game,Wikidata SPARQL P136,structured_exact_label,https://query.wikidata.org/
Hunter,contemporary r&b,Wikidata SPARQL P136,structured_exact_label,https://query.wikidata.org/
Hunter,crime television series,Wikidata SPARQL P136,structured_exact_label,https://query.wikidata.org/
Hunter,dance-pop,Wikidata SPARQL P136,structured_exact_label,https://query.wikidata.org/
Hunter,detective fiction,Wikidata SPARQL P136,structured_exact_label,https://query.wikidata.org/
Hunter,drama film,Wikidata SPARQL P136,structured_exact_label,https://query.wikidata.org/
Hunter,drama television series,Wikidata SPARQL P136,structured_exact_label,https://query.wikidata.org/
Hunter,electronic dance music,Wikidata SPARQL P136,structured_exact_label,https://query.wikidata.org/
Hunter,heavy metal music,Wikidata SPARQL P136,structured_exact_label,https://query.wikidata.org/
Hunter,hip-hop,Wikidata SPARQL P136,structured_exact_label,https://query.wikidata.org/
Hunter,house music,Wikidata SPARQL P136,structured_exact_label,https://query.wikidata.org/
Hunter,intelligent dance music,Wikidata SPARQL P136,structured_exact_label,https://query.wikidata.org/
Hunter,metalcore,Wikidata SPARQL P136,structured_exact_label,https://query.wikidata.org/
Hunter,police television drama,Wikidata SPARQL P136,structured_exact_label,https://query.wikidata.org/
Hunter,pop music,Wikidata SPARQL P136,structured_exact_label,https://query.wikidata.org/
Hunter,portrait,Wikidata SPARQL P136,structured_exact_label,https://query.wikidata.org/
Hunter,science fiction,Wikidata SPARQL P136,structured_exact_label,https://query.wikidata.org/
Hunter,short film,Wikidata SPARQL P136,structured_exact_label,https://query.wikidata.org/
Hunter,simulation video game,Wikidata SPARQL P136,structured_exact_label,https://query.wikidata.org/
Hunter,sports video game,Wikidata SPARQL P136,structured_exact_label,https://query.wikidata.org/
Hurts,dream pop,Wikidata SPARQL P136,structured_exact_label,https://query.wikidata.org/
Hurts,indie pop,Wikidata SPARQL P136,structured_exact_label,https://query.wikidata.org/
Hurts,synth-pop,Wikidata SPARQL P136,structured_exact_label,https://query.wikidata.org/
I Hate Models,hard techno,Wikidata SPARQL P136,structured_exact_label,https://query.wikidata.org/
IVY,hardcore punk,MusicBrainz artist tag,community_tag_top_result,https://musicbrainz.org/doc/MusicBrainz_API
Idle Days,drum and bass,MusicBrainz artist tag,community_tag_top_result,https://musicbrainz.org/doc/MusicBrainz_API
Indira Paganotto,psytrance,MusicBrainz artist tag,community_tag_top_result,https://musicbrainz.org/doc/MusicBrainz_API
Infekt,dubstep,MusicBrainz artist tag,community_tag_top_result,https://musicbrainz.org/doc/MusicBrainz_API
Infekt,riddim dubstep,MusicBrainz artist tag,community_tag_top_result,https://musicbrainz.org/doc/MusicBrainz_API
James Carter,jazz,Wikidata SPARQL P136,structured_exact_label,https://query.wikidata.org/
James Carter,post-bop,Wikidata SPARQL P136,structured_exact_label,https://query.wikidata.org/
James Hype,electronic dance music,Wikidata SPARQL P136,structured_exact_label,https://query.wikidata.org/
James Hype,house music,Wikidata SPARQL P136,structured_exact_label,https://query.wikidata.org/
Jan Vervloet,belgian techno,MusicBrainz artist tag,community_tag_top_result,https://musicbrainz.org/doc/MusicBrainz_API
Jan Vervloet,techno,MusicBrainz artist tag,community_tag_top_result,https://musicbrainz.org/doc/MusicBrainz_API
Jax Jones,house music,Wikidata SPARQL P136,structured_exact_label,https://query.wikidata.org/
Jazzy,drama film,Wikidata SPARQL P136,structured_exact_label,https://query.wikidata.org/
Jazzy,electronic dance music,Wikidata SPARQL P136,structured_exact_label,https://query.wikidata.org/
Jazzy,hip-hop,Wikidata SPARQL P136,structured_exact_label,https://query.wikidata.org/
Jazzy,house music,Wikidata SPARQL P136,structured_exact_label,https://query.wikidata.org/
Jazzy,pop music,Wikidata SPARQL P136,structured_exact_label,https://query.wikidata.org/
Jess Bays,house,MusicBrainz artist tag,community_tag_top_result,https://musicbrainz.org/doc/MusicBrainz_API
Joel Corry,house music,Wikidata SPARQL P136,structured_exact_label,https://query.wikidata.org/
John Newman,pop rock,Wikidata SPARQL P136,structured_exact_label,https://query.wikidata.org/
John Newman,portrait,Wikidata SPARQL P136,structured_exact_label,https://query.wikidata.org/
John Newman,soul,Wikidata SPARQL P136,structured_exact_label,https://query.wikidata.org/
John Summit,house music,Wikidata SPARQL P136,structured_exact_label,https://query.wikidata.org/
John Summit,trance,Wikidata SPARQL P136,structured_exact_label,https://query.wikidata.org/
Joris Voorn,techno,Wikidata SPARQL P136,structured_exact_label,https://query.wikidata.org/
Joy Orbison,dubstep,Wikidata SPARQL P136,structured_exact_label,https://query.wikidata.org/
Joy Orbison,future garage,Wikidata SPARQL P136,structured_exact_label,https://query.wikidata.org/
Joy Orbison,house music,Wikidata SPARQL P136,structured_exact_label,https://query.wikidata.org/
Joy Orbison,jungle,Wikidata SPARQL P136,structured_exact_label,https://query.wikidata.org/
Joy Orbison,uk funky,Wikidata SPARQL P136,structured_exact_label,https://query.wikidata.org/
Joy Orbison,uk garage,Wikidata SPARQL P136,structured_exact_label,https://query.wikidata.org/
Junkie Kid,hard house,MusicBrainz artist tag,community_tag_top_result,https://musicbrainz.org/doc/MusicBrainz_API
Junkie Kid,hard techno,MusicBrainz artist tag,community_tag_top_result,https://musicbrainz.org/doc/MusicBrainz_API
Junkie Kid,techno,MusicBrainz artist tag,community_tag_top_result,https://musicbrainz.org/doc/MusicBrainz_API
Kane,action game,Wikidata SPARQL P136,structured_exact_label,https://query.wikidata.org/
Kane,country music,Wikidata SPARQL P136,structured_exact_label,https://query.wikidata.org/
Kane,pop rock,Wikidata SPARQL P136,structured_exact_label,https://query.wikidata.org/
Kaskade,electro-industrial,Wikidata SPARQL P136,structured_exact_label,https://query.wikidata.org/
Kaskade,house music,Wikidata SPARQL P136,structured_exact_label,https://query.wikidata.org/
Kaskade,simulation video game,Wikidata SPARQL P136,structured_exact_label,https://query.wikidata.org/
Kaskade,strategy video game,Wikidata SPARQL P136,structured_exact_label,https://query.wikidata.org/
Korolova,melodic techno,MusicBrainz artist tag,community_tag_top_result,https://musicbrainz.org/doc/MusicBrainz_API
Korolova,progressive house,MusicBrainz artist tag,community_tag_top_result,https://musicbrainz.org/doc/MusicBrainz_API
Korolova,techno,MusicBrainz artist tag,community_tag_top_result,https://musicbrainz.org/doc/MusicBrainz_API
Kream,hip-hop,Wikidata SPARQL P136,structured_exact_label,https://query.wikidata.org/
Kryder,electro house,Wikidata SPARQL P136,structured_exact_label,https://query.wikidata.org/
Kölsch,electronic dance music,MusicBrainz artist tag,community_tag_top_result,https://musicbrainz.org/doc/MusicBrainz_API
Kölsch,house,MusicBrainz artist tag,community_tag_top_result,https://musicbrainz.org/doc/MusicBrainz_API
LNY TNZ,electronic dance music,MusicBrainz artist tag,community_tag_top_result,https://musicbrainz.org/doc/MusicBrainz_API
Layla Benitez,house,MusicBrainz artist tag,community_tag_top_result,https://musicbrainz.org/doc/MusicBrainz_API
Lee Ann Roberts,acid techno,MusicBrainz artist tag,community_tag_top_result,https://musicbrainz.org/doc/MusicBrainz_API
Lee Ann Roberts,hard techno,MusicBrainz artist tag,community_tag_top_result,https://musicbrainz.org/doc/MusicBrainz_API
Lee Ann Roberts,techno,MusicBrainz artist tag,community_tag_top_result,https://musicbrainz.org/doc/MusicBrainz_API
Like Mike,comedy film,Wikidata SPARQL P136,structured_exact_label,https://query.wikidata.org/
Like Mike,fantasy film,Wikidata SPARQL P136,structured_exact_label,https://query.wikidata.org/
Like Mike,hip-hop,Wikidata SPARQL P136,structured_exact_label,https://query.wikidata.org/
Little D,indie pop,Wikidata SPARQL P136,structured_exact_label,https://query.wikidata.org/
Lost Frequencies,deep house,Wikidata SPARQL P136,structured_exact_label,https://query.wikidata.org/
Lost Frequencies,tropical house,Wikidata SPARQL P136,structured_exact_label,https://query.wikidata.org/
MATTN,electronic dance music,MusicBrainz artist tag,community_tag_top_result,https://musicbrainz.org/doc/MusicBrainz_API
MATTN,house,MusicBrainz artist tag,community_tag_top_result,https://musicbrainz.org/doc/MusicBrainz_API
MC Villain,hardstyle,MusicBrainz artist tag,community_tag_top_result,https://musicbrainz.org/doc/MusicBrainz_API
MIRO,adventure video game,Wikidata SPARQL P136,structured_exact_label,https://query.wikidata.org/
MIRO,casual game,Wikidata SPARQL P136,structured_exact_label,https://query.wikidata.org/
MK,house music,Wikidata SPARQL P136,structured_exact_label,https://query.wikidata.org/
MOGUAI,electro house,MusicBrainz artist tag,community_tag_top_result,https://musicbrainz.org/doc/MusicBrainz_API
MOGUAI,neo-trance,MusicBrainz artist tag,community_tag_top_result,https://musicbrainz.org/doc/MusicBrainz_API
MOGUAI,progressive house,MusicBrainz artist tag,community_tag_top_result,https://musicbrainz.org/doc/MusicBrainz_API
MORTEN,electronic dance music,MusicBrainz artist tag,community_tag_top_result,https://musicbrainz.org/doc/MusicBrainz_API
MOTi,electro house,Wikidata SPARQL P136,structured_exact_label,https://query.wikidata.org/
Maddix,big room house,Wikidata SPARQL P136,structured_exact_label,https://query.wikidata.org/
Maddix,techno,Wikidata SPARQL P136,structured_exact_label,https://query.wikidata.org/
Makasi,afro house,Wikidata SPARQL P136,structured_exact_label,https://query.wikidata.org/
Makasi,electronic dance music,Wikidata SPARQL P136,structured_exact_label,https://query.wikidata.org/
Makasi,melodic house,Wikidata SPARQL P136,structured_exact_label,https://query.wikidata.org/
Mariana Bo,electronic dance music,MusicBrainz artist tag,community_tag_top_result,https://musicbrainz.org/doc/MusicBrainz_API
Mars,action film,Wikidata SPARQL P136,structured_exact_label,https://query.wikidata.org/
Mars,alternative rock,Wikidata SPARQL P136,structured_exact_label,https://query.wikidata.org/
Mars,anime,Wikidata SPARQL P136,structured_exact_label,https://query.wikidata.org/
Mars,biography,Wikidata SPARQL P136,structured_exact_label,https://query.wikidata.org/
Mars,comedy film,Wikidata SPARQL P136,structured_exact_label,https://query.wikidata.org/
Mars,docudrama,Wikidata SPARQL P136,structured_exact_label,https://query.wikidata.org/
Mars,drama fiction,Wikidata SPARQL P136,structured_exact_label,https://query.wikidata.org/
Mars,drama film,Wikidata SPARQL P136,structured_exact_label,https://query.wikidata.org/
Mars,electronica,Wikidata SPARQL P136,structured_exact_label,https://query.wikidata.org/
Mars,experimental rock,Wikidata SPARQL P136,structured_exact_label,https://query.wikidata.org/
Mars,hard rock,Wikidata SPARQL P136,structured_exact_label,https://query.wikidata.org/
Mars,horrorcore,Wikidata SPARQL P136,structured_exact_label,https://query.wikidata.org/
Mars,j-pop,Wikidata SPARQL P136,structured_exact_label,https://query.wikidata.org/
Mars,mythological painting,Wikidata SPARQL P136,structured_exact_label,https://query.wikidata.org/
Mars,noise music,Wikidata SPARQL P136,structured_exact_label,https://query.wikidata.org/
Mars,panel discussion,Wikidata SPARQL P136,structured_exact_label,https://query.wikidata.org/
Mars,pop rock,Wikidata SPARQL P136,structured_exact_label,https://query.wikidata.org/
Mars,popular science film,Wikidata SPARQL P136,structured_exact_label,https://query.wikidata.org/
Mars,portrait,Wikidata SPARQL P136,structured_exact_label,https://query.wikidata.org/
Mars,progressive rock,Wikidata SPARQL P136,structured_exact_label,https://query.wikidata.org/
Mars,punk rock,Wikidata SPARQL P136,structured_exact_label,https://query.wikidata.org/
Mars,rapping,Wikidata SPARQL P136,structured_exact_label,https://query.wikidata.org/
Mars,romance film,Wikidata SPARQL P136,structured_exact_label,https://query.wikidata.org/
Mars,romance manga,Wikidata SPARQL P136,structured_exact_label,https://query.wikidata.org/
Mars,school anime and manga,Wikidata SPARQL P136,structured_exact_label,https://query.wikidata.org/
Mars,science fiction,Wikidata SPARQL P136,structured_exact_label,https://query.wikidata.org/
Mars,science fiction comics,Wikidata SPARQL P136,structured_exact_label,https://query.wikidata.org/
Mars,science fiction film,Wikidata SPARQL P136,structured_exact_label,https://query.wikidata.org/
Mars,science fiction television program,Wikidata SPARQL P136,structured_exact_label,https://query.wikidata.org/
Mars,shoot 'em up,Wikidata SPARQL P136,structured_exact_label,https://query.wikidata.org/
Mars,speculative fiction film,Wikidata SPARQL P136,structured_exact_label,https://query.wikidata.org/
Mars,surrealist film,Wikidata SPARQL P136,structured_exact_label,https://query.wikidata.org/
Mars,tragicomedy,Wikidata SPARQL P136,structured_exact_label,https://query.wikidata.org/
Marten Hørger,electronic dance music,MusicBrainz artist tag,community_tag_top_result,https://musicbrainz.org/doc/MusicBrainz_API
Marten Lou,electronic dance music,MusicBrainz artist tag,community_tag_top_result,https://musicbrainz.org/doc/MusicBrainz_API
Marten Lou,house,MusicBrainz artist tag,community_tag_top_result,https://musicbrainz.org/doc/MusicBrainz_API
Martin Garrix,big room house,Wikidata SPARQL P136,structured_exact_label,https://query.wikidata.org/
Martin Garrix,deep house,Wikidata SPARQL P136,structured_exact_label,https://query.wikidata.org/
Martin Garrix,dutch house,Wikidata SPARQL P136,structured_exact_label,https://query.wikidata.org/
Martin Garrix,electro house,Wikidata SPARQL P136,structured_exact_label,https://query.wikidata.org/
Martin Garrix,electronic dance music,Wikidata SPARQL P136,structured_exact_label,https://query.wikidata.org/
Martin Garrix,future bass,Wikidata SPARQL P136,structured_exact_label,https://query.wikidata.org/
Martin Garrix,progressive house,Wikidata SPARQL P136,structured_exact_label,https://query.wikidata.org/
Massano,house,MusicBrainz artist tag,community_tag_top_result,https://musicbrainz.org/doc/MusicBrainz_API
Massano,melodic house,MusicBrainz artist tag,community_tag_top_result,https://musicbrainz.org/doc/MusicBrainz_API
Massano,melodic techno,MusicBrainz artist tag,community_tag_top_result,https://musicbrainz.org/doc/MusicBrainz_API
Mathame,melodic techno,Wikidata SPARQL P136,structured_exact_label,https://query.wikidata.org/
Matisse & Sadko,electro house,Wikidata SPARQL P136,structured_exact_label,https://query.wikidata.org/
Matisse & Sadko,progressive house,Wikidata SPARQL P136,structured_exact_label,https://query.wikidata.org/
Matroda,house,MusicBrainz artist tag,community_tag_top_result,https://musicbrainz.org/doc/MusicBrainz_API
Max Styler,tech house,MusicBrainz artist tag,community_tag_top_result,https://musicbrainz.org/doc/MusicBrainz_API
Maze,action game,Wikidata SPARQL P136,structured_exact_label,https://query.wikidata.org/
Maze,adventure video game,Wikidata SPARQL P136,structured_exact_label,https://query.wikidata.org/
Maze,drama film,Wikidata SPARQL P136,structured_exact_label,https://query.wikidata.org/
Maze,fantasy anime and manga,Wikidata SPARQL P136,structured_exact_label,https://query.wikidata.org/
Maze,historical film,Wikidata SPARQL P136,structured_exact_label,https://query.wikidata.org/
Maze,j-pop,Wikidata SPARQL P136,structured_exact_label,https://query.wikidata.org/
Maze,rhythm and blues,Wikidata SPARQL P136,structured_exact_label,https://query.wikidata.org/
Maze,solitaire,Wikidata SPARQL P136,structured_exact_label,https://query.wikidata.org/
Meduza,house music,Wikidata SPARQL P136,structured_exact_label,https://query.wikidata.org/
Mekkanikka,psytrance,MusicBrainz artist tag,community_tag_top_result,https://musicbrainz.org/doc/MusicBrainz_API
Metrik,drum and bass,Wikidata SPARQL P136,structured_exact_label,https://query.wikidata.org/
Mike Mago,deep house,Wikidata SPARQL P136,structured_exact_label,https://query.wikidata.org/
Mike Mago,electro house,Wikidata SPARQL P136,structured_exact_label,https://query.wikidata.org/
Mike Mago,house music,Wikidata SPARQL P136,structured_exact_label,https://query.wikidata.org/
Mike Williams,electronic dance music,Wikidata SPARQL P136,structured_exact_label,https://query.wikidata.org/
Mike Williams,future bounce,Wikidata SPARQL P136,structured_exact_label,https://query.wikidata.org/
Mike Williams,future house,Wikidata SPARQL P136,structured_exact_label,https://query.wikidata.org/
Milano,disco polo,Wikidata SPARQL P136,structured_exact_label,https://query.wikidata.org/
Milano,hip-hop,Wikidata SPARQL P136,structured_exact_label,https://query.wikidata.org/
Milano,pop music,Wikidata SPARQL P136,structured_exact_label,https://query.wikidata.org/
Milano,pornographic film,Wikidata SPARQL P136,structured_exact_label,https://query.wikidata.org/
Miss Monique,melodic techno,Wikidata SPARQL P136,structured_exact_label,https://query.wikidata.org/
Miss Monique,progressive house,Wikidata SPARQL P136,structured_exact_label,https://query.wikidata.org/
Mona Lee,pornographic film,Wikidata SPARQL P136,structured_exact_label,https://query.wikidata.org/
Moritz Hofbauer,afro house,MusicBrainz artist tag,community_tag_top_result,https://musicbrainz.org/doc/MusicBrainz_API
Moritz Hofbauer,deep house,MusicBrainz artist tag,community_tag_top_result,https://musicbrainz.org/doc/MusicBrainz_API
Moritz Hofbauer,electronic dance music,MusicBrainz artist tag,community_tag_top_result,https://musicbrainz.org/doc/MusicBrainz_API
Moritz Hofbauer,melodic house,MusicBrainz artist tag,community_tag_top_result,https://musicbrainz.org/doc/MusicBrainz_API
Moritz Hofbauer,melodic techno,MusicBrainz artist tag,community_tag_top_result,https://musicbrainz.org/doc/MusicBrainz_API
Moritz Hofbauer,minimal techno,MusicBrainz artist tag,community_tag_top_result,https://musicbrainz.org/doc/MusicBrainz_API
Moritz Hofbauer,progressive house,MusicBrainz artist tag,community_tag_top_result,https://musicbrainz.org/doc/MusicBrainz_API
Moritz Hofbauer,tech house,MusicBrainz artist tag,community_tag_top_result,https://musicbrainz.org/doc/MusicBrainz_API
Moritz Hofbauer,techno,MusicBrainz artist tag,community_tag_top_result,https://musicbrainz.org/doc/MusicBrainz_API
Mr. Belt & Wezol,house music,Wikidata SPARQL P136,structured_exact_label,https://query.wikidata.org/
Mr. Joy,jazz,Wikidata SPARQL P136,structured_exact_label,https://query.wikidata.org/
Murdock,drum and bass,MusicBrainz artist tag,community_tag_top_result,https://musicbrainz.org/doc/MusicBrainz_API
Mutilator,horror fiction,Wikidata SPARQL P136,structured_exact_label,https://query.wikidata.org/
NERVO,dance-pop,Wikidata SPARQL P136,structured_exact_label,https://query.wikidata.org/
NERVO,electro house,Wikidata SPARQL P136,structured_exact_label,https://query.wikidata.org/
NERVO,electronic dance music,Wikidata SPARQL P136,structured_exact_label,https://query.wikidata.org/
NERVO,house music,Wikidata SPARQL P136,structured_exact_label,https://query.wikidata.org/
NGHTMRE,bass music (edm),Wikidata SPARQL P136,structured_exact_label,https://query.wikidata.org/
NGHTMRE,dubstep,Wikidata SPARQL P136,structured_exact_label,https://query.wikidata.org/
NGHTMRE,edm trap music,Wikidata SPARQL P136,structured_exact_label,https://query.wikidata.org/
Neon,action game,Wikidata SPARQL P136,structured_exact_label,https://query.wikidata.org/
Neon,action-adventure game,Wikidata SPARQL P136,structured_exact_label,https://query.wikidata.org/
Neon,adventure video game,Wikidata SPARQL P136,structured_exact_label,https://query.wikidata.org/
Neon,casual game,Wikidata SPARQL P136,structured_exact_label,https://query.wikidata.org/
Neon,comedy,Wikidata SPARQL P136,structured_exact_label,https://query.wikidata.org/
Neon,country music,Wikidata SPARQL P136,structured_exact_label,https://query.wikidata.org/
Neon,emo trap,Wikidata SPARQL P136,structured_exact_label,https://query.wikidata.org/
Neon,glam rock,Wikidata SPARQL P136,structured_exact_label,https://query.wikidata.org/
Neon,musical film,Wikidata SPARQL P136,structured_exact_label,https://query.wikidata.org/
Neon,pop music,Wikidata SPARQL P136,structured_exact_label,https://query.wikidata.org/
Neon,pop rock,Wikidata SPARQL P136,structured_exact_label,https://query.wikidata.org/
Neon,synth-pop,Wikidata SPARQL P136,structured_exact_label,https://query.wikidata.org/
Netsky,drum and bass,Wikidata SPARQL P136,structured_exact_label,https://query.wikidata.org/
Netsky,liquid drum and bass,Wikidata SPARQL P136,structured_exact_label,https://query.wikidata.org/
Nicky Romero,big room house,Wikidata SPARQL P136,structured_exact_label,https://query.wikidata.org/
Nicky Romero,deep house,Wikidata SPARQL P136,structured_exact_label,https://query.wikidata.org/
Nicky Romero,electro house,Wikidata SPARQL P136,structured_exact_label,https://query.wikidata.org/
Nicky Romero,electronic dance music,Wikidata SPARQL P136,structured_exact_label,https://query.wikidata.org/
Nicky Romero,house music,Wikidata SPARQL P136,structured_exact_label,https://query.wikidata.org/
Nicky Romero,progressive house,Wikidata SPARQL P136,structured_exact_label,https://query.wikidata.org/
Nico Morano,afro house,MusicBrainz artist tag,community_tag_top_result,https://musicbrainz.org/doc/MusicBrainz_API
Nico Morano,deep house,MusicBrainz artist tag,community_tag_top_result,https://musicbrainz.org/doc/MusicBrainz_API
Nico Morano,house,MusicBrainz artist tag,community_tag_top_result,https://musicbrainz.org/doc/MusicBrainz_API
Nico Morano,melodic house,MusicBrainz artist tag,community_tag_top_result,https://musicbrainz.org/doc/MusicBrainz_API
Nico Morano,melodic techno,MusicBrainz artist tag,community_tag_top_result,https://musicbrainz.org/doc/MusicBrainz_API
Nico Morano,organic house,MusicBrainz artist tag,community_tag_top_result,https://musicbrainz.org/doc/MusicBrainz_API
Nico Morano,progressive house,MusicBrainz artist tag,community_tag_top_result,https://musicbrainz.org/doc/MusicBrainz_API
Nico Moreno,industrial techno,MusicBrainz artist tag,community_tag_top_result,https://musicbrainz.org/doc/MusicBrainz_API
Nico Moreno,techno,MusicBrainz artist tag,community_tag_top_result,https://musicbrainz.org/doc/MusicBrainz_API
Nora En Pure,deep house,Wikidata SPARQL P136,structured_exact_label,https://query.wikidata.org/
Nora En Pure,progressive house,Wikidata SPARQL P136,structured_exact_label,https://query.wikidata.org/
Oliver Heldens,electro house,Wikidata SPARQL P136,structured_exact_label,https://query.wikidata.org/
Oliver Heldens,future house,Wikidata SPARQL P136,structured_exact_label,https://query.wikidata.org/
Olympe,pop music,Wikidata SPARQL P136,structured_exact_label,https://query.wikidata.org/
Onlynumbers,hard techno,MusicBrainz artist tag,community_tag_top_result,https://musicbrainz.org/doc/MusicBrainz_API
Onlynumbers,techno,MusicBrainz artist tag,community_tag_top_result,https://musicbrainz.org/doc/MusicBrainz_API
Palmera,independent film,Wikidata SPARQL P136,structured_exact_label,https://query.wikidata.org/
Palmera,pop music,Wikidata SPARQL P136,structured_exact_label,https://query.wikidata.org/
Palmera,rock music,Wikidata SPARQL P136,structured_exact_label,https://query.wikidata.org/
Party Monster,biographical film,Wikidata SPARQL P136,structured_exact_label,https://query.wikidata.org/
Party Monster,comedy film,Wikidata SPARQL P136,structured_exact_label,https://query.wikidata.org/
Party Monster,crime film,Wikidata SPARQL P136,structured_exact_label,https://query.wikidata.org/
Party Monster,docudrama,Wikidata SPARQL P136,structured_exact_label,https://query.wikidata.org/
Party Monster,drama film,Wikidata SPARQL P136,structured_exact_label,https://query.wikidata.org/
Party Monster,lgbtq-related film,Wikidata SPARQL P136,structured_exact_label,https://query.wikidata.org/
Party Monster,trap music,Wikidata SPARQL P136,structured_exact_label,https://query.wikidata.org/
Partyraiser,hardcore,Wikidata SPARQL P136,structured_exact_label,https://query.wikidata.org/
Pat Krimson,hard trance,MusicBrainz artist tag,community_tag_top_result,https://musicbrainz.org/doc/MusicBrainz_API
Patrick Topping,house music,Wikidata SPARQL P136,structured_exact_label,https://query.wikidata.org/
Phi Phi,progressive house,MusicBrainz artist tag,community_tag_top_result,https://musicbrainz.org/doc/MusicBrainz_API
Phi Phi,trance,MusicBrainz artist tag,community_tag_top_result,https://musicbrainz.org/doc/MusicBrainz_API
Plastik Funk,house music,Wikidata SPARQL P136,structured_exact_label,https://query.wikidata.org/
Primate,comedy television program,Wikidata SPARQL P136,structured_exact_label,https://query.wikidata.org/
Primate,documentary film,Wikidata SPARQL P136,structured_exact_label,https://query.wikidata.org/
Primate,horror film,Wikidata SPARQL P136,structured_exact_label,https://query.wikidata.org/
Push,action film,Wikidata SPARQL P136,structured_exact_label,https://query.wikidata.org/
Push,alternative rock,Wikidata SPARQL P136,structured_exact_label,https://query.wikidata.org/
Push,contemporary r&b,Wikidata SPARQL P136,structured_exact_label,https://query.wikidata.org/
Push,documentary film,Wikidata SPARQL P136,structured_exact_label,https://query.wikidata.org/
Push,funk rock,Wikidata SPARQL P136,structured_exact_label,https://query.wikidata.org/
Push,german hip-hop,Wikidata SPARQL P136,structured_exact_label,https://query.wikidata.org/
Push,grunge,Wikidata SPARQL P136,structured_exact_label,https://query.wikidata.org/
Push,hip-hop,Wikidata SPARQL P136,structured_exact_label,https://query.wikidata.org/
Push,pop music,Wikidata SPARQL P136,structured_exact_label,https://query.wikidata.org/
Push,pop rock,Wikidata SPARQL P136,structured_exact_label,https://query.wikidata.org/
Push,post-grunge,Wikidata SPARQL P136,structured_exact_label,https://query.wikidata.org/
Push,rock music,Wikidata SPARQL P136,structured_exact_label,https://query.wikidata.org/
Push,science fiction film,Wikidata SPARQL P136,structured_exact_label,https://query.wikidata.org/
Push,teen pop,Wikidata SPARQL P136,structured_exact_label,https://query.wikidata.org/
Push,thriller film,Wikidata SPARQL P136,structured_exact_label,https://query.wikidata.org/
Quintino,dutch house,Wikidata SPARQL P136,structured_exact_label,https://query.wikidata.org/
Quintino,electro house,Wikidata SPARQL P136,structured_exact_label,https://query.wikidata.org/
R3HAB,dutch house,MusicBrainz artist tag,community_tag_top_result,https://musicbrainz.org/doc/MusicBrainz_API
R3HAB,electro house,MusicBrainz artist tag,community_tag_top_result,https://musicbrainz.org/doc/MusicBrainz_API
R3HAB,electronic dance music,MusicBrainz artist tag,community_tag_top_result,https://musicbrainz.org/doc/MusicBrainz_API
R3HAB,house,MusicBrainz artist tag,community_tag_top_result,https://musicbrainz.org/doc/MusicBrainz_API
R3HAB,progressive house,MusicBrainz artist tag,community_tag_top_result,https://musicbrainz.org/doc/MusicBrainz_API
Rebelion,reggae,Wikidata SPARQL P136,structured_exact_label,https://query.wikidata.org/
Refuzion,hardstyle,Wikidata SPARQL P136,structured_exact_label,https://query.wikidata.org/
Regi,electronic dance music,MusicBrainz artist tag,community_tag_top_result,https://musicbrainz.org/doc/MusicBrainz_API
Rino,j-pop,Wikidata SPARQL P136,structured_exact_label,https://query.wikidata.org/
Robin Schulz,house music,Wikidata SPARQL P136,structured_exact_label,https://query.wikidata.org/
Roma,afrobeat,Wikidata SPARQL P136,structured_exact_label,https://query.wikidata.org/
Roma,comedy film,Wikidata SPARQL P136,structured_exact_label,https://query.wikidata.org/
Roma,drama film,Wikidata SPARQL P136,structured_exact_label,https://query.wikidata.org/
Roma,historical fiction,Wikidata SPARQL P136,structured_exact_label,https://query.wikidata.org/
Roma,pop music,Wikidata SPARQL P136,structured_exact_label,https://query.wikidata.org/
Roma,pop rap,Wikidata SPARQL P136,structured_exact_label,https://query.wikidata.org/
Roma,soul,Wikidata SPARQL P136,structured_exact_label,https://query.wikidata.org/
Roma,trap music,Wikidata SPARQL P136,structured_exact_label,https://query.wikidata.org/
Roman Messer,electronic dance music,MusicBrainz artist tag,community_tag_top_result,https://musicbrainz.org/doc/MusicBrainz_API
Roman Messer,house,MusicBrainz artist tag,community_tag_top_result,https://musicbrainz.org/doc/MusicBrainz_API
Roman Messer,techno,MusicBrainz artist tag,community_tag_top_result,https://musicbrainz.org/doc/MusicBrainz_API
Roman Messer,trance,MusicBrainz artist tag,community_tag_top_result,https://musicbrainz.org/doc/MusicBrainz_API
Ruth Royall,drum and bass,MusicBrainz artist tag,community_tag_top_result,https://musicbrainz.org/doc/MusicBrainz_API
SPFDJ,acid techno,Wikidata SPARQL P136,structured_exact_label,https://query.wikidata.org/
SPFDJ,electronic body music,Wikidata SPARQL P136,structured_exact_label,https://query.wikidata.org/
SPFDJ,hardcore,Wikidata SPARQL P136,structured_exact_label,https://query.wikidata.org/
SPFDJ,industrial techno,Wikidata SPARQL P136,structured_exact_label,https://query.wikidata.org/
SPFDJ,trance,Wikidata SPARQL P136,structured_exact_label,https://query.wikidata.org/
Sam Feldt,house music,Wikidata SPARQL P136,structured_exact_label,https://query.wikidata.org/
Sam Feldt,tropical house,Wikidata SPARQL P136,structured_exact_label,https://query.wikidata.org/
Sammy Virji,bass house,MusicBrainz artist tag,community_tag_top_result,https://musicbrainz.org/doc/MusicBrainz_API
Sammy Virji,bassline,MusicBrainz artist tag,community_tag_top_result,https://musicbrainz.org/doc/MusicBrainz_API
Sammy Virji,old school bassline,MusicBrainz artist tag,community_tag_top_result,https://musicbrainz.org/doc/MusicBrainz_API
Sander van Doorn,electro house,Wikidata SPARQL P136,structured_exact_label,https://query.wikidata.org/
Sandy Warez,hardcore techno,MusicBrainz artist tag,community_tag_top_result,https://musicbrainz.org/doc/MusicBrainz_API
Sara Landry,industrial techno,Wikidata SPARQL P136,structured_exact_label,https://query.wikidata.org/
Sebastian Ingrosso,house music,Wikidata SPARQL P136,structured_exact_label,https://query.wikidata.org/
Shapov,trance,Wikidata SPARQL P136,structured_exact_label,https://query.wikidata.org/
Sicaria,action game,Wikidata SPARQL P136,structured_exact_label,https://query.wikidata.org/
Sicaria,action-adventure game,Wikidata SPARQL P136,structured_exact_label,https://query.wikidata.org/
Sicaria,adventure video game,Wikidata SPARQL P136,structured_exact_label,https://query.wikidata.org/
Sideral,chamber music,Wikidata SPARQL P136,structured_exact_label,https://query.wikidata.org/
Sideral,classical music,Wikidata SPARQL P136,structured_exact_label,https://query.wikidata.org/
Sideral,disco,Wikidata SPARQL P136,structured_exact_label,https://query.wikidata.org/
Sideral,drama film,Wikidata SPARQL P136,structured_exact_label,https://query.wikidata.org/
Sideral,pop music,Wikidata SPARQL P136,structured_exact_label,https://query.wikidata.org/
Sideral,psychedelic rock,Wikidata SPARQL P136,structured_exact_label,https://query.wikidata.org/
Sideral,rock music,Wikidata SPARQL P136,structured_exact_label,https://query.wikidata.org/
Sideral,short film,Wikidata SPARQL P136,structured_exact_label,https://query.wikidata.org/
Sideral,soul,Wikidata SPARQL P136,structured_exact_label,https://query.wikidata.org/
Sideral,swing,Wikidata SPARQL P136,structured_exact_label,https://query.wikidata.org/
Sigala,dance-pop,MusicBrainz artist tag,community_tag_top_result,https://musicbrainz.org/doc/MusicBrainz_API
Sigala,electronic dance music,MusicBrainz artist tag,community_tag_top_result,https://musicbrainz.org/doc/MusicBrainz_API
Sigala,tropical house,MusicBrainz artist tag,community_tag_top_result,https://musicbrainz.org/doc/MusicBrainz_API
Skazi,electronic dance music,Wikidata SPARQL P136,structured_exact_label,https://query.wikidata.org/
Skylab,comedy film,Wikidata SPARQL P136,structured_exact_label,https://query.wikidata.org/
Skylab,experimental rock,Wikidata SPARQL P136,structured_exact_label,https://query.wikidata.org/
Skylab,trip hop,Wikidata SPARQL P136,structured_exact_label,https://query.wikidata.org/
Sofi Tukker,house music,Wikidata SPARQL P136,structured_exact_label,https://query.wikidata.org/
Solomun,house music,Wikidata SPARQL P136,structured_exact_label,https://query.wikidata.org/
Somnia.,drum and bass,MusicBrainz artist tag,community_tag_top_result,https://musicbrainz.org/doc/MusicBrainz_API
Somnia.,dubstep,MusicBrainz artist tag,community_tag_top_result,https://musicbrainz.org/doc/MusicBrainz_API
Somnia.,techno,MusicBrainz artist tag,community_tag_top_result,https://musicbrainz.org/doc/MusicBrainz_API
Somnia.,trance,MusicBrainz artist tag,community_tag_top_result,https://musicbrainz.org/doc/MusicBrainz_API
Sonny Fodera,disco house,MusicBrainz artist tag,community_tag_top_result,https://musicbrainz.org/doc/MusicBrainz_API
Sonny Fodera,electronic dance music,MusicBrainz artist tag,community_tag_top_result,https://musicbrainz.org/doc/MusicBrainz_API
Sonny Fodera,house,MusicBrainz artist tag,community_tag_top_result,https://musicbrainz.org/doc/MusicBrainz_API
Sound Rush,hardstyle,Wikidata SPARQL P136,structured_exact_label,https://query.wikidata.org/
Space 92,peak time techno,MusicBrainz artist tag,community_tag_top_result,https://musicbrainz.org/doc/MusicBrainz_API
Space 92,techno,MusicBrainz artist tag,community_tag_top_result,https://musicbrainz.org/doc/MusicBrainz_API
StadiumX,electronic dance music,MusicBrainz artist tag,community_tag_top_result,https://musicbrainz.org/doc/MusicBrainz_API
StadiumX,future house,MusicBrainz artist tag,community_tag_top_result,https://musicbrainz.org/doc/MusicBrainz_API
StadiumX,progressive house,MusicBrainz artist tag,community_tag_top_result,https://musicbrainz.org/doc/MusicBrainz_API
Steve Angello,house music,Wikidata SPARQL P136,structured_exact_label,https://query.wikidata.org/
Steve Aoki,electronica,Wikidata SPARQL P136,structured_exact_label,https://query.wikidata.org/
Stryker,drama film,Wikidata SPARQL P136,structured_exact_label,https://query.wikidata.org/
Stryker,lgbtq-related film,Wikidata SPARQL P136,structured_exact_label,https://query.wikidata.org/
Stryker,post-apocalyptic film,Wikidata SPARQL P136,structured_exact_label,https://query.wikidata.org/
Sub Focus,drum and bass,Wikidata SPARQL P136,structured_exact_label,https://query.wikidata.org/
Sub Zero Project,hard dance,Wikidata SPARQL P136,structured_exact_label,https://query.wikidata.org/
Sub Zero Project,hardstyle,Wikidata SPARQL P136,structured_exact_label,https://query.wikidata.org/
Sunnery James & Ryan Marciano,progressive house,Wikidata SPARQL P136,structured_exact_label,https://query.wikidata.org/
Swedish House Mafia,electro,Wikidata SPARQL P136,structured_exact_label,https://query.wikidata.org/
Swedish House Mafia,electro house,Wikidata SPARQL P136,structured_exact_label,https://query.wikidata.org/
Swedish House Mafia,electronic dance music,Wikidata SPARQL P136,structured_exact_label,https://query.wikidata.org/
Swedish House Mafia,house music,Wikidata SPARQL P136,structured_exact_label,https://query.wikidata.org/
Swedish House Mafia,progressive house,Wikidata SPARQL P136,structured_exact_label,https://query.wikidata.org/
Swimming Paul,french house,MusicBrainz artist tag,community_tag_top_result,https://musicbrainz.org/doc/MusicBrainz_API
Swimming Paul,melodic house,MusicBrainz artist tag,community_tag_top_result,https://musicbrainz.org/doc/MusicBrainz_API
Syreeta,funk,Wikidata SPARQL P136,structured_exact_label,https://query.wikidata.org/
Syreeta,pop music,Wikidata SPARQL P136,structured_exact_label,https://query.wikidata.org/
Syreeta,psychedelic soul,Wikidata SPARQL P136,structured_exact_label,https://query.wikidata.org/
Syreeta,rhythm and blues,Wikidata SPARQL P136,structured_exact_label,https://query.wikidata.org/
Syreeta,soul,Wikidata SPARQL P136,structured_exact_label,https://query.wikidata.org/
T & Sugah,drum and bass,MusicBrainz artist tag,community_tag_top_result,https://musicbrainz.org/doc/MusicBrainz_API
TNT,country music,Wikidata SPARQL P136,structured_exact_label,https://query.wikidata.org/
TNT,exotica,Wikidata SPARQL P136,structured_exact_label,https://query.wikidata.org/
TNT,glam metal,Wikidata SPARQL P136,structured_exact_label,https://query.wikidata.org/
TNT,hard rock,Wikidata SPARQL P136,structured_exact_label,https://query.wikidata.org/
TNT,heavy metal music,Wikidata SPARQL P136,structured_exact_label,https://query.wikidata.org/
TNT,hip-hop,Wikidata SPARQL P136,structured_exact_label,https://query.wikidata.org/
TNT,jazz fusion,Wikidata SPARQL P136,structured_exact_label,https://query.wikidata.org/
TNT,krautrock,Wikidata SPARQL P136,structured_exact_label,https://query.wikidata.org/
TNT,late-night talk show,Wikidata SPARQL P136,structured_exact_label,https://query.wikidata.org/
TNT,pop music,Wikidata SPARQL P136,structured_exact_label,https://query.wikidata.org/
TNT,post-rock,Wikidata SPARQL P136,structured_exact_label,https://query.wikidata.org/
TNT,rock and roll,Wikidata SPARQL P136,structured_exact_label,https://query.wikidata.org/
TNT,rock music,Wikidata SPARQL P136,structured_exact_label,https://query.wikidata.org/
Teddy Killerz,bass house,MusicBrainz artist tag,community_tag_top_result,https://musicbrainz.org/doc/MusicBrainz_API
Teddy Killerz,drum and bass,MusicBrainz artist tag,community_tag_top_result,https://musicbrainz.org/doc/MusicBrainz_API
Teddy Killerz,dubstep,MusicBrainz artist tag,community_tag_top_result,https://musicbrainz.org/doc/MusicBrainz_API
Teddy Killerz,electronic dance music,MusicBrainz artist tag,community_tag_top_result,https://musicbrainz.org/doc/MusicBrainz_API
Tess,caricature,Wikidata SPARQL P136,structured_exact_label,https://query.wikidata.org/
Tess,drama film,Wikidata SPARQL P136,structured_exact_label,https://query.wikidata.org/
Tess,latin pop,Wikidata SPARQL P136,structured_exact_label,https://query.wikidata.org/
Tess,metalcore,Wikidata SPARQL P136,structured_exact_label,https://query.wikidata.org/
Tess,opera,Wikidata SPARQL P136,structured_exact_label,https://query.wikidata.org/
Tess,pop music,Wikidata SPARQL P136,structured_exact_label,https://query.wikidata.org/
Tess,pop rock,Wikidata SPARQL P136,structured_exact_label,https://query.wikidata.org/
Tess,portrait,Wikidata SPARQL P136,structured_exact_label,https://query.wikidata.org/
Tess,teen pop,Wikidata SPARQL P136,structured_exact_label,https://query.wikidata.org/
The Blessed Madonna,electronic dance music,Wikidata SPARQL P136,structured_exact_label,https://query.wikidata.org/
Third Party,hip-hop,Wikidata SPARQL P136,structured_exact_label,https://query.wikidata.org/
Third Party,progressive house,Wikidata SPARQL P136,structured_exact_label,https://query.wikidata.org/
Third Party,trip hop,Wikidata SPARQL P136,structured_exact_label,https://query.wikidata.org/
Thomas Newson,dutch house,Wikidata SPARQL P136,structured_exact_label,https://query.wikidata.org/
Thomas Newson,electro house,Wikidata SPARQL P136,structured_exact_label,https://query.wikidata.org/
Tim Hox,deep house,MusicBrainz artist tag,community_tag_top_result,https://musicbrainz.org/doc/MusicBrainz_API
Tim Hox,tech house,MusicBrainz artist tag,community_tag_top_result,https://musicbrainz.org/doc/MusicBrainz_API
Timmy Trumpet,electro house,Wikidata SPARQL P136,structured_exact_label,https://query.wikidata.org/
Timmy Trumpet,house music,Wikidata SPARQL P136,structured_exact_label,https://query.wikidata.org/
Timmy Trumpet,psychedelic trance,Wikidata SPARQL P136,structured_exact_label,https://query.wikidata.org/
Titan,abstract art,Wikidata SPARQL P136,structured_exact_label,https://query.wikidata.org/
Titan,death metal,Wikidata SPARQL P136,structured_exact_label,https://query.wikidata.org/
Titan,ethnic pop,Wikidata SPARQL P136,structured_exact_label,https://query.wikidata.org/
Titan,fantasy,Wikidata SPARQL P136,structured_exact_label,https://query.wikidata.org/
Titan,lgbt-related literature,Wikidata SPARQL P136,structured_exact_label,https://query.wikidata.org/
Titan,massively multiplayer online role-playing game,Wikidata SPARQL P136,structured_exact_label,https://query.wikidata.org/
Titan,public art,Wikidata SPARQL P136,structured_exact_label,https://query.wikidata.org/
Titan,puzzle video game,Wikidata SPARQL P136,structured_exact_label,https://query.wikidata.org/
Titan,science fiction,Wikidata SPARQL P136,structured_exact_label,https://query.wikidata.org/
Titan,science fiction video game,Wikidata SPARQL P136,structured_exact_label,https://query.wikidata.org/
Titan,sentimental ballad,Wikidata SPARQL P136,structured_exact_label,https://query.wikidata.org/
Titan,shooter game,Wikidata SPARQL P136,structured_exact_label,https://query.wikidata.org/
Titan,symphonic metal,Wikidata SPARQL P136,structured_exact_label,https://query.wikidata.org/
Trip-Tamine,progressive psytrance,MusicBrainz artist tag,community_tag_top_result,https://musicbrainz.org/doc/MusicBrainz_API
Trip-Tamine,psytrance,MusicBrainz artist tag,community_tag_top_result,https://musicbrainz.org/doc/MusicBrainz_API
Tungevaag,dance-pop,MusicBrainz artist tag,community_tag_top_result,https://musicbrainz.org/doc/MusicBrainz_API
Tungevaag,electronic dance music,MusicBrainz artist tag,community_tag_top_result,https://musicbrainz.org/doc/MusicBrainz_API
USED,alternative hardcore,MusicBrainz artist tag,community_tag_top_result,https://musicbrainz.org/doc/MusicBrainz_API
USED,post-hardcore,MusicBrainz artist tag,community_tag_top_result,https://musicbrainz.org/doc/MusicBrainz_API
VTSS,techno,MusicBrainz artist tag,community_tag_top_result,https://musicbrainz.org/doc/MusicBrainz_API
Vegas,big beat,Wikidata SPARQL P136,structured_exact_label,https://query.wikidata.org/
Vegas,britpop,Wikidata SPARQL P136,structured_exact_label,https://query.wikidata.org/
Vegas,crime television series,Wikidata SPARQL P136,structured_exact_label,https://query.wikidata.org/
Vegas,documentary film,Wikidata SPARQL P136,structured_exact_label,https://query.wikidata.org/
Vegas,drama film,Wikidata SPARQL P136,structured_exact_label,https://query.wikidata.org/
Vegas,drama television series,Wikidata SPARQL P136,structured_exact_label,https://query.wikidata.org/
Vegas,electronic dance music,Wikidata SPARQL P136,structured_exact_label,https://query.wikidata.org/
Vegas,hip-hop,Wikidata SPARQL P136,structured_exact_label,https://query.wikidata.org/
Vegas,rock music,Wikidata SPARQL P136,structured_exact_label,https://query.wikidata.org/
Vegas,synth-pop,Wikidata SPARQL P136,structured_exact_label,https://query.wikidata.org/
Viktor,chess video game,Wikidata SPARQL P136,structured_exact_label,https://query.wikidata.org/
Viktor,thriller film,Wikidata SPARQL P136,structured_exact_label,https://query.wikidata.org/
Vini Vici,psychedelic trance,Wikidata SPARQL P136,structured_exact_label,https://query.wikidata.org/
Vintage Culture,house music,Wikidata SPARQL P136,structured_exact_label,https://query.wikidata.org/
Vize,electro,Wikidata SPARQL P136,structured_exact_label,https://query.wikidata.org/
Vomee,house,MusicBrainz artist tag,community_tag_top_result,https://musicbrainz.org/doc/MusicBrainz_API
Vomee,progressive house,MusicBrainz artist tag,community_tag_top_result,https://musicbrainz.org/doc/MusicBrainz_API
Vomee,techno,MusicBrainz artist tag,community_tag_top_result,https://musicbrainz.org/doc/MusicBrainz_API
Warface,hardstyle,MusicBrainz artist tag,community_tag_top_result,https://musicbrainz.org/doc/MusicBrainz_API
Whipped Cream,alternative rock,Wikidata SPARQL P136,structured_exact_label,https://query.wikidata.org/
Whipped Cream,pop music,Wikidata SPARQL P136,structured_exact_label,https://query.wikidata.org/
Wildstylez,hardstyle,Wikidata SPARQL P136,structured_exact_label,https://query.wikidata.org/
Wiwek,dutch house,MusicBrainz artist tag,community_tag_top_result,https://musicbrainz.org/doc/MusicBrainz_API
Wiwek,electro house,MusicBrainz artist tag,community_tag_top_result,https://musicbrainz.org/doc/MusicBrainz_API
Wiwek,electronic dance music,MusicBrainz artist tag,community_tag_top_result,https://musicbrainz.org/doc/MusicBrainz_API
Yves Deruyter,trance,Wikidata SPARQL P136,structured_exact_label,https://query.wikidata.org/
Yves V,progressive house,Wikidata SPARQL P136,structured_exact_label,https://query.wikidata.org/
ZAC,house music,Wikidata SPARQL P136,structured_exact_label,https://query.wikidata.org/
ZAC,melodic techno,Wikidata SPARQL P136,structured_exact_label,https://query.wikidata.org/
ZAC,progressive house,Wikidata SPARQL P136,structured_exact_label,https://query.wikidata.org/
