festival_name,year,venue_name,stage_name,artist_name,start_time,end_time,estimated_crowd
Tomorrowland,2025,De Schorre,THE GATHERING,RUBY XX,2025-07-17 13:00:00,2025-07-17 14:00:00,
Tomorrowland,2025,De Schorre,THE GATHERING,DJ Chanelle,2025-07-17 14:00:00,2025-07-17 15:00:00,
Tomorrowland,2025,De Schorre,THE GATHERING - STAGE II,Muze,2025-07-17 14:00:00,2025-07-17 16:00:00,
Tomorrowland,2025,De Schorre,THE GATHERING,Lucca van Damme,2025-07-17 15:00:00,2025-07-17 16:00:00,
Tomorrowland,2025,De Schorre,THE GATHERING,5napback,2025-07-17 16:00:00,2025-07-17 17:00:00,
Tomorrowland,2025,De Schorre,THE GATHERING - STAGE II,Laura Hoogland,2025-07-17 16:00:00,2025-07-17 18:00:00,
Tomorrowland,2025,De Schorre,THE GATHERING,Portex,2025-07-17 17:00:00,2025-07-17 18:00:00,
Tomorrowland,2025,De Schorre,THE GATHERING,Henri PFR,2025-07-17 18:00:00,2025-07-17 19:00:00,
Tomorrowland,2025,De Schorre,THE GATHERING - STAGE II,Luna & Lenthe,2025-07-17 18:00:00,2025-07-17 20:00:00,
Tomorrowland,2025,De Schorre,THE GATHERING,Odymel,2025-07-17 19:00:00,2025-07-17 20:00:00,
Tomorrowland,2025,De Schorre,THE GATHERING,Amber Broos,2025-07-17 20:00:00,2025-07-17 21:00:00,
Tomorrowland,2025,De Schorre,THE GATHERING,MANDY,2025-07-17 20:00:00,2025-07-17 21:00:00,
Tomorrowland,2025,De Schorre,THE GATHERING - STAGE II,Antdot,2025-07-17 20:00:00,2025-07-17 22:00:00,
Tomorrowland,2025,De Schorre,THE GATHERING,Oliver Heldens,2025-07-17 21:00:00,2025-07-17 22:00:00,
Tomorrowland,2025,De Schorre,THE GATHERING,R3HAB,2025-07-17 22:00:00,2025-07-17 23:00:00,
Tomorrowland,2025,De Schorre,THE GATHERING - STAGE II,Prinz,2025-07-17 22:00:00,2025-07-18 00:00:00,
Tomorrowland,2025,De Schorre,THE GATHERING,Sub Zero Project,2025-07-17 23:00:00,2025-07-18 00:00:00,
Tomorrowland,2025,De Schorre,ATMOSPHERE,EMILIJA,2025-07-18 14:00:00,2025-07-18 15:00:00,
Tomorrowland,2025,De Schorre,CAGE,Pinotello,2025-07-18 14:00:00,2025-07-18 15:00:00,
Tomorrowland,2025,De Schorre,CAGE,Spitnoise,2025-07-18 14:00:00,2025-07-18 15:00:00,
Tomorrowland,2025,De Schorre,CORE,Toolate Groove,2025-07-18 14:00:00,2025-07-18 15:00:00,
Tomorrowland,2025,De Schorre,CRYSTAL GARDEN,Franc Fala,2025-07-18 14:00:00,2025-07-18 15:30:00,
Tomorrowland,2025,De Schorre,ELIXIR,Cromanty Sound,2025-07-18 14:00:00,2025-07-18 14:30:00,
Tomorrowland,2025,De Schorre,FREEDOM BY BUD,Semsei,2025-07-18 14:00:00,2025-07-18 15:30:00,
Tomorrowland,2025,De Schorre,MELODIA BY CORONA,Lotte Feyen,2025-07-18 14:00:00,2025-07-18 15:00:00,
Tomorrowland,2025,De Schorre,MOOSEBAR,DJ Prosit,2025-07-18 14:00:00,2025-07-18 16:00:00,
Tomorrowland,2025,De Schorre,PLANAXIS,ARTEN,2025-07-18 14:00:00,2025-07-18 15:00:00,
Tomorrowland,2025,De Schorre,RISE BY COCA-COLA,ZT Music,2025-07-18 14:00:00,2025-07-18 15:00:00,
Tomorrowland,2025,De Schorre,THE GREAT LIBRARY,Juicy M,2025-07-18 14:00:00,2025-07-18 15:00:00,
Tomorrowland,2025,De Schorre,THE RAVE CAVE,Kriss Reeve,2025-07-18 14:00:00,2025-07-18 15:00:00,
Tomorrowland,2025,De Schorre,THE ROSE GARDEN,Sennix,2025-07-18 14:00:00,2025-07-18 15:00:00,
Tomorrowland,2025,De Schorre,ELIXIR,Belgianly Made,2025-07-18 14:30:00,2025-07-18 15:30:00,
Tomorrowland,2025,De Schorre,ATMOSPHERE,Faster Horses,2025-07-18 15:00:00,2025-07-18 16:30:00,
Tomorrowland,2025,De Schorre,CAGE,DRS,2025-07-18 15:00:00,2025-07-18 16:00:00,
Tomorrowland,2025,De Schorre,CAGE,Sandy Warez,2025-07-18 15:00:00,2025-07-18 16:00:00,
Tomorrowland,2025,De Schorre,CORE,Laura Meester,2025-07-18 15:00:00,2025-07-18 16:00:00,
Tomorrowland,2025,De Schorre,MELODIA BY CORONA,Arado,2025-07-18 15:00:00,2025-07-18 16:30:00,
Tomorrowland,2025,De Schorre,PLANAXIS,Laura Hoogland,2025-07-18 15:00:00,2025-07-18 16:00:00,
Tomorrowland,2025,De Schorre,RISE BY COCA-COLA,Bastin,2025-07-18 15:00:00,2025-07-18 16:00:00,
Tomorrowland,2025,De Schorre,RISE BY COCA-COLA,Esin Boz,2025-07-18 15:00:00,2025-07-18 16:00:00,
Tomorrowland,2025,De Schorre,THE GREAT LIBRARY,Pat Krimson,2025-07-18 15:00:00,2025-07-18 16:00:00,
Tomorrowland,2025,De Schorre,THE RAVE CAVE,Horizontal Soundsystem,2025-07-18 15:00:00,2025-07-18 16:30:00,
Tomorrowland,2025,De Schorre,THE ROSE GARDEN,IVY,2025-07-18 15:00:00,2025-07-18 16:00:00,
Tomorrowland,2025,De Schorre,CRYSTAL GARDEN,Austin Millz,2025-07-18 15:30:00,2025-07-18 17:00:00,
Tomorrowland,2025,De Schorre,ELIXIR,Hunter,2025-07-18 15:30:00,2025-07-18 16:30:00,
Tomorrowland,2025,De Schorre,FREEDOM BY BUD,Rivo,2025-07-18 15:30:00,2025-07-18 17:00:00,
Tomorrowland,2025,De Schorre,CAGE,NRKi,2025-07-18 16:00:00,2025-07-18 17:00:00,
Tomorrowland,2025,De Schorre,CAGE,Toxic Twins,2025-07-18 16:00:00,2025-07-18 17:00:00,
Tomorrowland,2025,De Schorre,CORE,Parallelle,2025-07-18 16:00:00,2025-07-18 17:30:00,
Tomorrowland,2025,De Schorre,MAINSTAGE,Odymel,2025-07-18 16:00:00,2025-07-18 16:50:00,
Tomorrowland,2025,De Schorre,MAINSTAGE,Pegassi,2025-07-18 16:00:00,2025-07-18 16:50:00,
Tomorrowland,2025,De Schorre,MOOSEBAR,Tom Cosyns,2025-07-18 16:00:00,2025-07-18 19:00:00,
Tomorrowland,2025,De Schorre,PLANAXIS,ELIF,2025-07-18 16:00:00,2025-07-18 17:30:00,
Tomorrowland,2025,De Schorre,RISE BY COCA-COLA,Romy Janssen,2025-07-18 16:00:00,2025-07-18 17:00:00,
Tomorrowland,2025,De Schorre,THE GREAT LIBRARY,Matisse & Sadko,2025-07-18 16:00:00,2025-07-18 17:00:00,
Tomorrowland,2025,De Schorre,THE GREAT LIBRARY,Third Party,2025-07-18 16:00:00,2025-07-18 17:00:00,
Tomorrowland,2025,De Schorre,THE ROSE GARDEN,Metrik,2025-07-18 16:00:00,2025-07-18 17:15:00,
Tomorrowland,2025,De Schorre,ATMOSPHERE,Hannah Laing,2025-07-18 16:30:00,2025-07-18 18:00:00,
Tomorrowland,2025,De Schorre,ELIXIR,Soul Shakers,2025-07-18 16:30:00,2025-07-18 17:30:00,
Tomorrowland,2025,De Schorre,MELODIA BY CORONA,James de Torres,2025-07-18 16:30:00,2025-07-18 18:00:00,
Tomorrowland,2025,De Schorre,THE RAVE CAVE,Lou8,2025-07-18 16:30:00,2025-07-18 17:30:00,
Tomorrowland,2025,De Schorre,MAINSTAGE,NERVO,2025-07-18 16:50:00,2025-07-18 17:50:00,
Tomorrowland,2025,De Schorre,CAGE,Sacha Malice,2025-07-18 17:00:00,2025-07-18 18:00:00,
Tomorrowland,2025,De Schorre,CRYSTAL GARDEN,Arodes b2b Shimza,2025-07-18 17:00:00,2025-07-18 18:30:00,
Tomorrowland,2025,De Schorre,FREEDOM BY BUD,Layla Benitez,2025-07-18 17:00:00,2025-07-18 18:30:00,
Tomorrowland,2025,De Schorre,HOUSE OF FORTUNE BY JBL,Broz,2025-07-18 17:00:00,2025-07-18 18:00:00,
Tomorrowland,2025,De Schorre,RISE BY COCA-COLA,Rafi Khan,2025-07-18 17:00:00,2025-07-18 18:00:00,
Tomorrowland,2025,De Schorre,THE GREAT LIBRARY,Jaden Bojsen,2025-07-18 17:00:00,2025-07-18 18:00:00,
Tomorrowland,2025,De Schorre,THE ROSE GARDEN,Pirapus,2025-07-18 17:15:00,2025-07-18 18:15:00,
Tomorrowland,2025,De Schorre,CORE,Tripolism,2025-07-18 17:30:00,2025-07-18 19:00:00,
Tomorrowland,2025,De Schorre,ELIXIR,Walshy Fire,2025-07-18 17:30:00,2025-07-18 18:30:00,
Tomorrowland,2025,De Schorre,PLANAXIS,Anii,2025-07-18 17:30:00,2025-07-18 19:00:00,
Tomorrowland,2025,De Schorre,PLANAXIS,Axel Haube,2025-07-18 17:30:00,2025-07-18 19:00:00,
Tomorrowland,2025,De Schorre,THE RAVE CAVE,Vinnie,2025-07-18 17:30:00,2025-07-18 18:30:00,
Tomorrowland,2025,De Schorre,MAINSTAGE,Vini Vici,2025-07-18 17:55:00,2025-07-18 18:55:00,
Tomorrowland,2025,De Schorre,ATMOSPHERE,BYØRN,2025-07-18 18:00:00,2025-07-18 19:30:00,
Tomorrowland,2025,De Schorre,ATMOSPHERE,VIDO,2025-07-18 18:00:00,2025-07-18 19:30:00,
Tomorrowland,2025,De Schorre,CAGE,Revenja,2025-07-18 18:00:00,2025-07-18 19:00:00,
Tomorrowland,2025,De Schorre,CAGE,Suttlek,2025-07-18 18:00:00,2025-07-18 19:00:00,
Tomorrowland,2025,De Schorre,HOUSE OF FORTUNE BY JBL,J8man,2025-07-18 18:00:00,2025-07-18 19:00:00,
Tomorrowland,2025,De Schorre,MELODIA BY CORONA,Alure,2025-07-18 18:00:00,2025-07-18 19:30:00,
Tomorrowland,2025,De Schorre,RISE BY COCA-COLA,Roma,2025-07-18 18:00:00,2025-07-18 19:30:00,
Tomorrowland,2025,De Schorre,THE GREAT LIBRARY,Oliver Heldens,2025-07-18 18:00:00,2025-07-18 19:00:00,
Tomorrowland,2025,De Schorre,THE ROSE GARDEN,Primate,2025-07-18 18:15:00,2025-07-18 19:15:00,
Tomorrowland,2025,De Schorre,CRYSTAL GARDEN,ANNA,2025-07-18 18:30:00,2025-07-18 20:30:00,
Tomorrowland,2025,De Schorre,CRYSTAL GARDEN,Antdot,2025-07-18 18:30:00,2025-07-18 20:30:00,
Tomorrowland,2025,De Schorre,ELIXIR,Flavour Drop,2025-07-18 18:30:00,2025-07-18 20:00:00,
Tomorrowland,2025,De Schorre,FREEDOM BY BUD,Joris Voorn,2025-07-18 18:30:00,2025-07-18 20:00:00,
Tomorrowland,2025,De Schorre,FREEDOM BY BUD,Rose Ringed,2025-07-18 18:30:00,2025-07-18 20:00:00,
Tomorrowland,2025,De Schorre,THE RAVE CAVE,NOME.,2025-07-18 18:30:00,2025-07-18 19:30:00,
Tomorrowland,2025,De Schorre,MAINSTAGE,Sub Zero Project,2025-07-18 18:55:00,2025-07-18 19:50:00,
Tomorrowland,2025,De Schorre,CAGE,Bazzy,2025-07-18 19:00:00,2025-07-18 20:00:00,
Tomorrowland,2025,De Schorre,CAGE,Revedge,2025-07-18 19:00:00,2025-07-18 20:00:00,
Tomorrowland,2025,De Schorre,CORE,Dino Lenny,2025-07-18 19:00:00,2025-07-18 21:00:00,
Tomorrowland,2025,De Schorre,HOUSE OF FORTUNE BY JBL,Makasi,2025-07-18 19:00:00,2025-07-18 20:00:00,
Tomorrowland,2025,De Schorre,MOOSEBAR,Yves Segers,2025-07-18 19:00:00,2025-07-18 19:20:00,
Tomorrowland,2025,De Schorre,PLANAXIS,Brina Knauss,2025-07-18 19:00:00,2025-07-18 20:30:00,
Tomorrowland,2025,De Schorre,THE GREAT LIBRARY,Dillon Francis,2025-07-18 19:00:00,2025-07-18 20:00:00,
Tomorrowland,2025,De Schorre,THE GREAT LIBRARY,Marten Hørger,2025-07-18 19:00:00,2025-07-18 20:00:00,
Tomorrowland,2025,De Schorre,THE ROSE GARDEN,T & Sugah,2025-07-18 19:15:00,2025-07-18 20:15:00,
Tomorrowland,2025,De Schorre,MOOSEBAR,Kurt Verheyen,2025-07-18 19:20:00,2025-07-19 00:00:00,
Tomorrowland,2025,De Schorre,ATMOSPHERE,NOVAH,2025-07-18 19:30:00,2025-07-18 21:00:00,
Tomorrowland,2025,De Schorre,MELODIA BY CORONA,Joezi,2025-07-18 19:30:00,2025-07-18 21:00:00,
Tomorrowland,2025,De Schorre,RISE BY COCA-COLA,Disco Dasco,2025-07-18 19:30:00,2025-07-18 21:00:00,
Tomorrowland,2025,De Schorre,THE RAVE CAVE,Ben Malone,2025-07-18 19:30:00,2025-07-18 21:00:00,
Tomorrowland,2025,De Schorre,MAINSTAGE,Meduza,2025-07-18 19:50:00,2025-07-18 20:50:00,
Tomorrowland,2025,De Schorre,CAGE,Dr Donk,2025-07-18 20:00:00,2025-07-18 21:00:00,
Tomorrowland,2025,De Schorre,ELIXIR,Annabel Stop It,2025-07-18 20:00:00,2025-07-18 21:00:00,
Tomorrowland,2025,De Schorre,FREEDOM BY BUD,Eli Brown,2025-07-18 20:00:00,2025-07-18 21:30:00,
Tomorrowland,2025,De Schorre,FREEDOM BY BUD,HI-LO,2025-07-18 20:00:00,2025-07-18 21:30:00,
Tomorrowland,2025,De Schorre,HOUSE OF FORTUNE BY JBL,Ely Oaks,2025-07-18 20:00:00,2025-07-18 21:00:00,
Tomorrowland,2025,De Schorre,THE GREAT LIBRARY,John Newman,2025-07-18 20:00:00,2025-07-18 21:00:00,
Tomorrowland,2025,De Schorre,THE ROSE GARDEN,Emily Makis & Deadline,2025-07-18 20:15:00,2025-07-18 21:00:00,
Tomorrowland,2025,De Schorre,CRYSTAL GARDEN,Vintage Culture,2025-07-18 20:30:00,2025-07-18 23:30:00,
Tomorrowland,2025,De Schorre,PLANAXIS,Innellea,2025-07-18 20:30:00,2025-07-18 22:00:00,
Tomorrowland,2025,De Schorre,MAINSTAGE,Artbat b2b Kölsch,2025-07-18 20:50:00,2025-07-18 21:50:00,
Tomorrowland,2025,De Schorre,ATMOSPHERE,AZYR,2025-07-18 21:00:00,2025-07-18 23:00:00,
Tomorrowland,2025,De Schorre,ATMOSPHERE,Nico Moreno,2025-07-18 21:00:00,2025-07-18 23:00:00,
Tomorrowland,2025,De Schorre,CAGE,The Dark Horror,2025-07-18 21:00:00,2025-07-18 22:00:00,
Tomorrowland,2025,De Schorre,CORE,Bora Uzer,2025-07-18 21:00:00,2025-07-18 23:00:00,
Tomorrowland,2025,De Schorre,ELIXIR,Flo Windey & Skyve,2025-07-18 21:00:00,2025-07-18 22:00:00,
Tomorrowland,2025,De Schorre,HOUSE OF FORTUNE BY JBL,Mike Williams,2025-07-18 21:00:00,2025-07-18 22:00:00,
Tomorrowland,2025,De Schorre,MELODIA BY CORONA,Aaron Sevilla,2025-07-18 21:00:00,2025-07-18 22:30:00,
Tomorrowland,2025,De Schorre,RISE BY COCA-COLA,Christophe b2b Seelen,2025-07-18 21:00:00,2025-07-18 22:00:00,
Tomorrowland,2025,De Schorre,THE GREAT LIBRARY,MANDY,2025-07-18 21:00:00,2025-07-18 22:00:00,
Tomorrowland,2025,De Schorre,THE RAVE CAVE,DXNØ,2025-07-18 21:00:00,2025-07-18 22:00:00,
Tomorrowland,2025,De Schorre,THE ROSE GARDEN,1991,2025-07-18 21:00:00,2025-07-18 22:00:00,
Tomorrowland,2025,De Schorre,FREEDOM BY BUD,John Summit,2025-07-18 21:30:00,2025-07-18 23:00:00,
Tomorrowland,2025,De Schorre,MAINSTAGE,ALOK,2025-07-18 21:50:00,2025-07-18 22:50:00,
Tomorrowland,2025,De Schorre,CAGE,Unicorn on K,2025-07-18 22:00:00,2025-07-18 23:00:00,
Tomorrowland,2025,De Schorre,ELIXIR,Double D,2025-07-18 22:00:00,2025-07-18 23:30:00,
Tomorrowland,2025,De Schorre,HOUSE OF FORTUNE BY JBL,Cence Brothers,2025-07-18 22:00:00,2025-07-18 23:00:00,
Tomorrowland,2025,De Schorre,PLANAXIS,Stephan Bodzin (live),2025-07-18 22:00:00,2025-07-19 00:00:00,
Tomorrowland,2025,De Schorre,RISE BY COCA-COLA,Yves Deruyter,2025-07-18 22:00:00,2025-07-18 23:00:00,
Tomorrowland,2025,De Schorre,THE GREAT LIBRARY,R3HAB,2025-07-18 22:00:00,2025-07-18 23:00:00,
Tomorrowland,2025,De Schorre,THE RAVE CAVE,The Rocketman,2025-07-18 22:00:00,2025-07-18 23:00:00,
Tomorrowland,2025,De Schorre,THE ROSE GARDEN,Andromedik,2025-07-18 22:00:00,2025-07-18 23:00:00,
Tomorrowland,2025,De Schorre,MELODIA BY CORONA,Block & Crown,2025-07-18 22:30:00,2025-07-19 00:00:00,
Tomorrowland,2025,De Schorre,MAINSTAGE,Axwell,2025-07-18 22:55:00,2025-07-18 23:55:00,
Tomorrowland,2025,De Schorre,ATMOSPHERE,Holy Priest,2025-07-18 23:00:00,2025-07-19 00:00:00,
Tomorrowland,2025,De Schorre,CORE,Damian Lazarus,2025-07-18 23:00:00,2025-07-19 00:50:00,
Tomorrowland,2025,De Schorre,FREEDOM BY BUD,Eric Prydz,2025-07-18 23:00:00,2025-07-19 00:30:00,
Tomorrowland,2025,De Schorre,HOUSE OF FORTUNE BY JBL,Hurts,2025-07-18 23:00:00,2025-07-19 00:00:00,
Tomorrowland,2025,De Schorre,RISE BY COCA-COLA,Cafeina Allstars,2025-07-18 23:00:00,2025-07-19 01:00:00,
Tomorrowland,2025,De Schorre,THE GREAT LIBRARY,Hardwell,2025-07-18 23:00:00,2025-07-19 01:00:00,
Tomorrowland,2025,De Schorre,THE RAVE CAVE,Luca v/d Hombergh,2025-07-18 23:00:00,2025-07-19 00:00:00,
Tomorrowland,2025,De Schorre,THE ROSE GARDEN,Basstripper,2025-07-18 23:00:00,2025-07-19 00:00:00,
Tomorrowland,2025,De Schorre,THE ROSE GARDEN,SOTA,2025-07-18 23:00:00,2025-07-19 00:00:00,
Tomorrowland,2025,De Schorre,CRYSTAL GARDEN,Joris Voorn,2025-07-18 23:30:00,2025-07-19 00:45:00,
Tomorrowland,2025,De Schorre,CRYSTAL GARDEN,Kölsch,2025-07-18 23:30:00,2025-07-19 00:45:00,
Tomorrowland,2025,De Schorre,CRYSTAL GARDEN,Vintage Culture,2025-07-18 23:30:00,2025-07-19 00:45:00,
Tomorrowland,2025,De Schorre,ELIXIR,C-track,2025-07-18 23:30:00,2025-07-19 01:00:00,
Tomorrowland,2025,De Schorre,MAINSTAGE,Martin Garrix,2025-07-18 23:55:00,2025-07-19 00:55:00,
Tomorrowland,2025,De Schorre,ATMOSPHERE,Fantasm,2025-07-19 00:00:00,2025-07-19 00:50:00,
Tomorrowland,2025,De Schorre,HOUSE OF FORTUNE BY JBL,Junkie Kid,2025-07-19 00:00:00,2025-07-19 00:55:00,
Tomorrowland,2025,De Schorre,THE ROSE GARDEN,Camo & Krooked,2025-07-19 00:00:00,2025-07-19 01:00:00,
Tomorrowland,2025,De Schorre,ATMOSPHERE,Klaps,2025-07-19 12:00:00,2025-07-19 14:00:00,
Tomorrowland,2025,De Schorre,CAGE,RPTR,2025-07-19 12:00:00,2025-07-19 13:30:00,
Tomorrowland,2025,De Schorre,CRYSTAL GARDEN,HOAX (BE),2025-07-19 12:00:00,2025-07-19 14:00:00,
Tomorrowland,2025,De Schorre,FREEDOM BY BUD,Juwlz,2025-07-19 12:00:00,2025-07-19 14:00:00,
Tomorrowland,2025,De Schorre,MAINSTAGE,Charlotte de Witte,2025-07-19 12:00:00,2025-07-19 14:15:00,
Tomorrowland,2025,De Schorre,MELODIA BY CORONA,Drissque,2025-07-19 12:00:00,2025-07-19 14:00:00,
Tomorrowland,2025,De Schorre,MOOSEBAR,Laurent Wery,2025-07-19 12:00:00,2025-07-19 15:00:00,
Tomorrowland,2025,De Schorre,RISE BY COCA-COLA,KEISHA,2025-07-19 12:00:00,2025-07-19 13:00:00,
Tomorrowland,2025,De Schorre,THE GREAT LIBRARY,Kenn Colt,2025-07-19 12:00:00,2025-07-19 14:00:00,
Tomorrowland,2025,De Schorre,THE ROSE GARDEN,Phi Phi,2025-07-19 12:00:00,2025-07-19 14:00:00,
Tomorrowland,2025,De Schorre,CORE,B_Type,2025-07-19 12:30:00,2025-07-19 14:00:00,
Tomorrowland,2025,De Schorre,ELIXIR,Sako Glitch,2025-07-19 13:00:00,2025-07-19 14:30:00,
Tomorrowland,2025,De Schorre,HOUSE OF FORTUNE BY JBL,Little D,2025-07-19 13:00:00,2025-07-19 14:00:00,
Tomorrowland,2025,De Schorre,PLANAXIS,Dokho,2025-07-19 13:00:00,2025-07-19 14:00:00,
Tomorrowland,2025,De Schorre,RISE BY COCA-COLA,Sebsky,2025-07-19 13:00:00,2025-07-19 14:00:00,
Tomorrowland,2025,De Schorre,THE RAVE CAVE,Los Bomberos,2025-07-19 13:00:00,2025-07-19 14:00:00,
Tomorrowland,2025,De Schorre,CAGE,LOW E,2025-07-19 13:30:00,2025-07-19 15:00:00,
Tomorrowland,2025,De Schorre,ATMOSPHERE,Valentinø,2025-07-19 14:00:00,2025-07-19 15:30:00,
Tomorrowland,2025,De Schorre,CORE,Capoon,2025-07-19 14:00:00,2025-07-19 15:30:00,
Tomorrowland,2025,De Schorre,CRYSTAL GARDEN,NOSI,2025-07-19 14:00:00,2025-07-19 15:30:00,
Tomorrowland,2025,De Schorre,FREEDOM BY BUD,Re-Type,2025-07-19 14:00:00,2025-07-19 15:30:00,
Tomorrowland,2025,De Schorre,HOUSE OF FORTUNE BY JBL,DAVID HERRLICH,2025-07-19 14:00:00,2025-07-19 15:00:00,
Tomorrowland,2025,De Schorre,MELODIA BY CORONA,JUSTANOTHERDJ,2025-07-19 14:00:00,2025-07-19 16:00:00,
Tomorrowland,2025,De Schorre,RISE BY COCA-COLA,DJ GAB,2025-07-19 14:00:00,2025-07-19 15:30:00,
Tomorrowland,2025,De Schorre,THE GREAT LIBRARY,Girls Don't Sync,2025-07-19 14:00:00,2025-07-19 15:00:00,
Tomorrowland,2025,De Schorre,THE RAVE CAVE,Naomi Cazier,2025-07-19 14:00:00,2025-07-19 15:00:00,
Tomorrowland,2025,De Schorre,THE ROSE GARDEN,Nico Parisi,2025-07-19 14:00:00,2025-07-19 16:00:00,
Tomorrowland,2025,De Schorre,MAINSTAGE,Fedde Le Grand,2025-07-19 14:15:00,2025-07-19 15:30:00,
Tomorrowland,2025,De Schorre,ELIXIR,Abena,2025-07-19 14:30:00,2025-07-19 15:30:00,
Tomorrowland,2025,De Schorre,PLANAXIS,Gentlemans Club,2025-07-19 14:30:00,2025-07-19 16:00:00,
Tomorrowland,2025,De Schorre,CAGE,AK SPORTS,2025-07-19 15:00:00,2025-07-19 16:30:00,
Tomorrowland,2025,De Schorre,HOUSE OF FORTUNE BY JBL,MITCHED,2025-07-19 15:00:00,2025-07-19 16:00:00,
Tomorrowland,2025,De Schorre,MOOSEBAR,The Bobmeister,2025-07-19 15:00:00,2025-07-19 19:00:00,
Tomorrowland,2025,De Schorre,THE GREAT LIBRARY,BL3SS,2025-07-19 15:00:00,2025-07-19 16:00:00,
Tomorrowland,2025,De Schorre,THE RAVE CAVE,Troublemen,2025-07-19 15:00:00,2025-07-19 16:00:00,
Tomorrowland,2025,De Schorre,ATMOSPHERE,Marhu,2025-07-19 15:30:00,2025-07-19 17:00:00,
Tomorrowland,2025,De Schorre,CORE,Dyzen,2025-07-19 15:30:00,2025-07-19 17:00:00,
Tomorrowland,2025,De Schorre,CORE,Sideral,2025-07-19 15:30:00,2025-07-19 17:00:00,
Tomorrowland,2025,De Schorre,CRYSTAL GARDEN,Jazzy,2025-07-19 15:30:00,2025-07-19 17:00:00,
Tomorrowland,2025,De Schorre,ELIXIR,Milinguap,2025-07-19 15:30:00,2025-07-19 16:30:00,
Tomorrowland,2025,De Schorre,FREEDOM BY BUD,Chris Avantgarde,2025-07-19 15:30:00,2025-07-19 17:00:00,
Tomorrowland,2025,De Schorre,MAINSTAGE,Dubvision,2025-07-19 15:30:00,2025-07-19 16:30:00,
Tomorrowland,2025,De Schorre,MAINSTAGE,Third Party,2025-07-19 15:30:00,2025-07-19 16:30:00,
Tomorrowland,2025,De Schorre,RISE BY COCA-COLA,Nina Black,2025-07-19 15:30:00,2025-07-19 17:00:00,
Tomorrowland,2025,De Schorre,HOUSE OF FORTUNE BY JBL,Mike & Me,2025-07-19 16:00:00,2025-07-19 17:00:00,
Tomorrowland,2025,De Schorre,MELODIA BY CORONA,Palmera,2025-07-19 16:00:00,2025-07-19 18:00:00,
Tomorrowland,2025,De Schorre,PLANAXIS,WUKI,2025-07-19 16:00:00,2025-07-19 17:00:00,
Tomorrowland,2025,De Schorre,THE GREAT LIBRARY,ZERB,2025-07-19 16:00:00,2025-07-19 17:00:00,
Tomorrowland,2025,De Schorre,THE RAVE CAVE,Soulcity,2025-07-19 16:00:00,2025-07-19 17:30:00,
Tomorrowland,2025,De Schorre,THE ROSE GARDEN,Greg S,2025-07-19 16:00:00,2025-07-19 17:30:00,
Tomorrowland,2025,De Schorre,CAGE,Negitiv,2025-07-19 16:30:00,2025-07-19 18:30:00,
Tomorrowland,2025,De Schorre,ELIXIR,KD Soundsystem,2025-07-19 16:30:00,2025-07-19 17:30:00,
Tomorrowland,2025,De Schorre,MAINSTAGE,Miss Monique,2025-07-19 16:35:00,2025-07-19 17:35:00,
Tomorrowland,2025,De Schorre,ATMOSPHERE,Clara Cuvé,2025-07-19 17:00:00,2025-07-19 18:30:00,
Tomorrowland,2025,De Schorre,CORE,Dino Lenny,2025-07-19 17:00:00,2025-07-19 18:30:00,
Tomorrowland,2025,De Schorre,CRYSTAL GARDEN,Max Styler,2025-07-19 17:00:00,2025-07-19 18:30:00,
Tomorrowland,2025,De Schorre,FREEDOM BY BUD,Symphony of Unity,2025-07-19 17:00:00,2025-07-19 18:00:00,
Tomorrowland,2025,De Schorre,HOUSE OF FORTUNE BY JBL,Slatin,2025-07-19 17:00:00,2025-07-19 18:00:00,
Tomorrowland,2025,De Schorre,PLANAXIS,Hayve,2025-07-19 17:00:00,2025-07-19 18:00:00,
Tomorrowland,2025,De Schorre,RISE BY COCA-COLA,BRESH,2025-07-19 17:00:00,2025-07-20 01:00:00,
Tomorrowland,2025,De Schorre,THE GREAT LIBRARY,Henri PFR,2025-07-19 17:00:00,2025-07-19 18:00:00,
Tomorrowland,2025,De Schorre,ELIXIR,J. Roots,2025-07-19 17:30:00,2025-07-19 18:30:00,
Tomorrowland,2025,De Schorre,THE RAVE CAVE,Skyve,2025-07-19 17:30:00,2025-07-19 19:00:00,
Tomorrowland,2025,De Schorre,THE ROSE GARDEN,DJ Ghost,2025-07-19 17:30:00,2025-07-19 18:30:00,
Tomorrowland,2025,De Schorre,MAINSTAGE,B Jones,2025-07-19 17:35:00,2025-07-19 18:35:00,
Tomorrowland,2025,De Schorre,FREEDOM BY BUD,Mahmut Orhan,2025-07-19 18:00:00,2025-07-19 19:30:00,
Tomorrowland,2025,De Schorre,HOUSE OF FORTUNE BY JBL,Coco Bevan,2025-07-19 18:00:00,2025-07-19 19:00:00,
Tomorrowland,2025,De Schorre,MELODIA BY CORONA,Neon,2025-07-19 18:00:00,2025-07-19 19:30:00,
Tomorrowland,2025,De Schorre,PLANAXIS,Teddy Killerz,2025-07-19 18:00:00,2025-07-19 19:00:00,
Tomorrowland,2025,De Schorre,THE GREAT LIBRARY,Omdat Het Kan & Average Rob,2025-07-19 18:00:00,2025-07-19 19:00:00,
Tomorrowland,2025,De Schorre,ATMOSPHERE,Onyvaa,2025-07-19 18:30:00,2025-07-19 20:00:00,
Tomorrowland,2025,De Schorre,CAGE,Lee Ann Roberts,2025-07-19 18:30:00,2025-07-19 20:00:00,
Tomorrowland,2025,De Schorre,CORE,Ogazon,2025-07-19 18:30:00,2025-07-19 20:00:00,
Tomorrowland,2025,De Schorre,CRYSTAL GARDEN,Sunnery James & Ryan Marciano,2025-07-19 18:30:00,2025-07-19 20:00:00,
Tomorrowland,2025,De Schorre,ELIXIR,Team DAMP,2025-07-19 18:30:00,2025-07-19 19:30:00,
Tomorrowland,2025,De Schorre,THE ROSE GARDEN,DJ Furax,2025-07-19 18:30:00,2025-07-19 19:30:00,
Tomorrowland,2025,De Schorre,MAINSTAGE,Nicky Romero,2025-07-19 18:35:00,2025-07-19 19:35:00,
Tomorrowland,2025,De Schorre,HOUSE OF FORTUNE BY JBL,Juicy M,2025-07-19 19:00:00,2025-07-19 20:00:00,
Tomorrowland,2025,De Schorre,MOOSEBAR,Buren van de Brandweer,2025-07-19 19:00:00,2025-07-19 19:30:00,
Tomorrowland,2025,De Schorre,PLANAXIS,Darren Styles,2025-07-19 19:00:00,2025-07-19 20:00:00,
Tomorrowland,2025,De Schorre,THE GREAT LIBRARY,MK,2025-07-19 19:00:00,2025-07-19 20:30:00,
Tomorrowland,2025,De Schorre,THE RAVE CAVE,Bobby & Djenko,2025-07-19 19:00:00,2025-07-19 20:30:00,
Tomorrowland,2025,De Schorre,ELIXIR,LIMITLEZZ,2025-07-19 19:30:00,2025-07-19 20:30:00,
Tomorrowland,2025,De Schorre,FREEDOM BY BUD,Agents of Time,2025-07-19 19:30:00,2025-07-19 21:00:00,
Tomorrowland,2025,De Schorre,MELODIA BY CORONA,Yamagucci,2025-07-19 19:30:00,2025-07-19 21:00:00,
Tomorrowland,2025,De Schorre,MOOSEBAR,Funkhauser,2025-07-19 19:30:00,2025-07-20 00:00:00,
Tomorrowland,2025,De Schorre,THE ROSE GARDEN,Jan Vervloet,2025-07-19 19:30:00,2025-07-19 20:30:00,
Tomorrowland,2025,De Schorre,MAINSTAGE,Cassian b2b Kevin de Vries,2025-07-19 19:35:00,2025-07-19 20:35:00,
Tomorrowland,2025,De Schorre,ATMOSPHERE,Patrick Mason,2025-07-19 20:00:00,2025-07-19 22:00:00,
Tomorrowland,2025,De Schorre,CAGE,Jazzy,2025-07-19 20:00:00,2025-07-19 21:30:00,
Tomorrowland,2025,De Schorre,CORE,Carlita,2025-07-19 20:00:00,2025-07-19 21:30:00,
Tomorrowland,2025,De Schorre,CRYSTAL GARDEN,James Hype,2025-07-19 20:00:00,2025-07-19 21:30:00,
Tomorrowland,2025,De Schorre,HOUSE OF FORTUNE BY JBL,StadiumX,2025-07-19 20:00:00,2025-07-19 21:00:00,
Tomorrowland,2025,De Schorre,PLANAXIS,Riot Ten,2025-07-19 20:00:00,2025-07-19 21:00:00,
Tomorrowland,2025,De Schorre,ELIXIR,Young Fresh,2025-07-19 20:30:00,2025-07-19 21:30:00,
Tomorrowland,2025,De Schorre,THE GREAT LIBRARY,Nora En Pure,2025-07-19 20:30:00,2025-07-19 21:30:00,
Tomorrowland,2025,De Schorre,THE RAVE CAVE,Jonas van Opstal,2025-07-19 20:30:00,2025-07-19 21:45:00,
Tomorrowland,2025,De Schorre,THE ROSE GARDEN,Push,2025-07-19 20:30:00,2025-07-19 21:30:00,
Tomorrowland,2025,De Schorre,MAINSTAGE,Alan Walker,2025-07-19 20:40:00,2025-07-19 21:40:00,
Tomorrowland,2025,De Schorre,FREEDOM BY BUD,Symphony of Unity,2025-07-19 21:00:00,2025-07-19 22:00:00,
Tomorrowland,2025,De Schorre,HOUSE OF FORTUNE BY JBL,Third Party,2025-07-19 21:00:00,2025-07-19 22:00:00,
Tomorrowland,2025,De Schorre,MELODIA BY CORONA,Vanjee,2025-07-19 21:00:00,2025-07-19 22:30:00,
Tomorrowland,2025,De Schorre,PLANAXIS,Whipped Cream,2025-07-19 21:00:00,2025-07-19 22:00:00,
Tomorrowland,2025,De Schorre,CAGE,Onlynumbers,2025-07-19 21:30:00,2025-07-19 23:00:00,
Tomorrowland,2025,De Schorre,CORE,Konstantin Sibold,2025-07-19 21:30:00,2025-07-19 23:00:00,
Tomorrowland,2025,De Schorre,CRYSTAL GARDEN,Axwell,2025-07-19 21:30:00,2025-07-20 00:45:00,
Tomorrowland,2025,De Schorre,CRYSTAL GARDEN,Sebastian Ingrosso,2025-07-19 21:30:00,2025-07-20 00:45:00,
Tomorrowland,2025,De Schorre,CRYSTAL GARDEN,Steve Angello,2025-07-19 21:30:00,2025-07-20 00:45:00,
Tomorrowland,2025,De Schorre,ELIXIR,Carla Genus,2025-07-19 21:30:00,2025-07-19 22:30:00,
Tomorrowland,2025,De Schorre,THE GREAT LIBRARY,Lost Frequencies,2025-07-19 21:30:00,2025-07-19 22:45:00,
Tomorrowland,2025,De Schorre,THE ROSE GARDEN,Franky Kloeck,2025-07-19 21:30:00,2025-07-19 22:30:00,
Tomorrowland,2025,De Schorre,MAINSTAGE,Anyma,2025-07-19 21:40:00,2025-07-19 22:40:00,
Tomorrowland,2025,De Schorre,THE RAVE CAVE,Murdock,2025-07-19 21:45:00,2025-07-19 22:15:00,
Tomorrowland,2025,De Schorre,THE RAVE CAVE,Riot Ten,2025-07-19 21:45:00,2025-07-19 22:15:00,
Tomorrowland,2025,De Schorre,ATMOSPHERE,Indira Paganotto,2025-07-19 22:00:00,2025-07-20 00:00:00,
Tomorrowland,2025,De Schorre,FREEDOM BY BUD,Armin van Buuren,2025-07-19 22:00:00,2025-07-20 00:45:00,
Tomorrowland,2025,De Schorre,HOUSE OF FORTUNE BY JBL,Plastik Funk,2025-07-19 22:00:00,2025-07-19 23:00:00,
Tomorrowland,2025,De Schorre,PLANAXIS,Eptic,2025-07-19 22:00:00,2025-07-19 23:00:00,
Tomorrowland,2025,De Schorre,THE RAVE CAVE,Monta,2025-07-19 22:15:00,2025-07-19 23:30:00,
Tomorrowland,2025,De Schorre,ELIXIR,Jeronimø,2025-07-19 22:30:00,2025-07-20 00:00:00,
Tomorrowland,2025,De Schorre,MELODIA BY CORONA,Lovely Louis,2025-07-19 22:30:00,2025-07-20 00:00:00,
Tomorrowland,2025,De Schorre,THE ROSE GARDEN,DJ Quicksilver,2025-07-19 22:30:00,2025-07-19 23:30:00,
Tomorrowland,2025,De Schorre,MAINSTAGE,Dimitri Vegas & Like Mike,2025-07-19 22:40:00,2025-07-19 23:55:00,
Tomorrowland,2025,De Schorre,THE GREAT LIBRARY,Jax Jones,2025-07-19 22:45:00,2025-07-20 00:00:00,
Tomorrowland,2025,De Schorre,CORE,Mind Against,2025-07-19 23:00:00,2025-07-20 00:50:00,
Tomorrowland,2025,De Schorre,HOUSE OF FORTUNE BY JBL,Dezko,2025-07-19 23:00:00,2025-07-20 00:00:00,
Tomorrowland,2025,De Schorre,PLANAXIS,Crankdat,2025-07-19 23:00:00,2025-07-20 01:00:00,
Tomorrowland,2025,De Schorre,PLANAXIS,NGHTMRE,2025-07-19 23:00:00,2025-07-20 01:00:00,
Tomorrowland,2025,De Schorre,THE RAVE CAVE,Deuxfwa,2025-07-19 23:30:00,2025-07-20 01:00:00,
Tomorrowland,2025,De Schorre,THE ROSE GARDEN,Bonzai All Stars,2025-07-19 23:30:00,2025-07-20 01:00:00,
Tomorrowland,2025,De Schorre,MAINSTAGE,Charlotte de Witte,2025-07-19 23:55:00,2025-07-20 00:55:00,
Tomorrowland,2025,De Schorre,ATMOSPHERE,Lorenzo Raganzini B2B Paolo Ferrara,2025-07-20 00:00:00,2025-07-20 00:50:00,
Tomorrowland,2025,De Schorre,ELIXIR,BEBA STORM,2025-07-20 00:00:00,2025-07-20 01:00:00,
Tomorrowland,2025,De Schorre,HOUSE OF FORTUNE BY JBL,5napback,2025-07-20 00:00:00,2025-07-20 00:45:00,
Tomorrowland,2025,De Schorre,THE GREAT LIBRARY,Netsky,2025-07-20 00:00:00,2025-07-20 00:55:00,
Tomorrowland,2025,De Schorre,ATMOSPHERE,Ampe,2025-07-20 12:00:00,2025-07-20 14:00:00,
Tomorrowland,2025,De Schorre,CAGE,W4STD,2025-07-20 12:00:00,2025-07-20 13:30:00,
Tomorrowland,2025,De Schorre,CRYSTAL GARDEN,Tess,2025-07-20 12:00:00,2025-07-20 14:00:00,
Tomorrowland,2025,De Schorre,FREEDOM BY BUD,Bilal Santiago,2025-07-20 12:00:00,2025-07-20 14:00:00,
Tomorrowland,2025,De Schorre,MAINSTAGE,Daybreak: Arielle Free b2b Sam Divine,2025-07-20 12:00:00,2025-07-20 14:30:00,
Tomorrowland,2025,De Schorre,MELODIA BY CORONA,Marijn Jansen,2025-07-20 12:00:00,2025-07-20 13:30:00,
Tomorrowland,2025,De Schorre,MOOSEBAR,Jeroen Visser,2025-07-20 12:00:00,2025-07-20 16:00:00,
Tomorrowland,2025,De Schorre,THE GREAT LIBRARY,Bon Voyage,2025-07-20 12:00:00,2025-07-20 13:00:00,
Tomorrowland,2025,De Schorre,THE ROSE GARDEN,The Z.,2025-07-20 12:00:00,2025-07-20 13:00:00,
Tomorrowland,2025,De Schorre,CORE,Kneiz,2025-07-20 12:30:00,2025-07-20 14:00:00,
Tomorrowland,2025,De Schorre,RISE BY COCA-COLA,Deepesh Sharma b2b Omnaya,2025-07-20 12:30:00,2025-07-20 14:30:00,
Tomorrowland,2025,De Schorre,ELIXIR,Tobi Trekhaak,2025-07-20 13:00:00,2025-07-20 14:00:00,
Tomorrowland,2025,De Schorre,HOUSE OF FORTUNE BY JBL,Hef Teppa,2025-07-20 13:00:00,2025-07-20 14:00:00,
Tomorrowland,2025,De Schorre,PLANAXIS,Yamo,2025-07-20 13:00:00,2025-07-20 15:00:00,
Tomorrowland,2025,De Schorre,THE GREAT LIBRARY,James Carter,2025-07-20 13:00:00,2025-07-20 14:00:00,
Tomorrowland,2025,De Schorre,THE RAVE CAVE,Bashir,2025-07-20 13:00:00,2025-07-20 14:15:00,
Tomorrowland,2025,De Schorre,THE ROSE GARDEN,Serzo,2025-07-20 13:00:00,2025-07-20 14:00:00,
Tomorrowland,2025,De Schorre,CAGE,BAVR,2025-07-20 13:30:00,2025-07-20 15:00:00,
Tomorrowland,2025,De Schorre,MELODIA BY CORONA,Baka G,2025-07-20 13:30:00,2025-07-20 15:00:00,
Tomorrowland,2025,De Schorre,ATMOSPHERE,Até & Salin,2025-07-20 14:00:00,2025-07-20 15:30:00,
Tomorrowland,2025,De Schorre,CORE,Zouzibabe,2025-07-20 14:00:00,2025-07-20 15:30:00,
Tomorrowland,2025,De Schorre,CRYSTAL GARDEN,Mosoo,2025-07-20 14:00:00,2025-07-20 15:30:00,
Tomorrowland,2025,De Schorre,ELIXIR,The Whatevers,2025-07-20 14:00:00,2025-07-20 15:30:00,
Tomorrowland,2025,De Schorre,FREEDOM BY BUD,LouLou Players,2025-07-20 14:00:00,2025-07-20 16:00:00,
Tomorrowland,2025,De Schorre,HOUSE OF FORTUNE BY JBL,Mark Roma,2025-07-20 14:00:00,2025-07-20 15:00:00,
Tomorrowland,2025,De Schorre,THE GREAT LIBRARY,Niklas Dee,2025-07-20 14:00:00,2025-07-20 15:00:00,
Tomorrowland,2025,De Schorre,THE ROSE GARDEN,Refuzion,2025-07-20 14:00:00,2025-07-20 15:00:00,
Tomorrowland,2025,De Schorre,THE RAVE CAVE,Kento,2025-07-20 14:15:00,2025-07-20 15:30:00,
Tomorrowland,2025,De Schorre,MAINSTAGE,Goodboys,2025-07-20 14:30:00,2025-07-20 15:30:00,
Tomorrowland,2025,De Schorre,RISE BY COCA-COLA,Party Monster,2025-07-20 14:30:00,2025-07-20 15:30:00,
Tomorrowland,2025,De Schorre,CAGE,Faisal,2025-07-20 15:00:00,2025-07-20 16:30:00,
Tomorrowland,2025,De Schorre,HOUSE OF FORTUNE BY JBL,Hyalyte,2025-07-20 15:00:00,2025-07-20 16:00:00,
Tomorrowland,2025,De Schorre,MELODIA BY CORONA,Jess Bays,2025-07-20 15:00:00,2025-07-20 16:30:00,
Tomorrowland,2025,De Schorre,PLANAXIS,Abel The Kid,2025-07-20 15:00:00,2025-07-20 16:00:00,
Tomorrowland,2025,De Schorre,THE GREAT LIBRARY,Cyril,2025-07-20 15:00:00,2025-07-20 16:00:00,
Tomorrowland,2025,De Schorre,THE ROSE GARDEN,Adrenalize,2025-07-20 15:00:00,2025-07-20 16:00:00,
Tomorrowland,2025,De Schorre,ATMOSPHERE,Aaron Hibell,2025-07-20 15:30:00,2025-07-20 17:00:00,
Tomorrowland,2025,De Schorre,CORE,Bibi Seck,2025-07-20 15:30:00,2025-07-20 17:00:00,
Tomorrowland,2025,De Schorre,CRYSTAL GARDEN,MĪMĪ x FY,2025-07-20 15:30:00,2025-07-20 17:00:00,
Tomorrowland,2025,De Schorre,ELIXIR,Mariah Curry,2025-07-20 15:30:00,2025-07-20 17:00:00,
Tomorrowland,2025,De Schorre,MAINSTAGE,Matroda,2025-07-20 15:30:00,2025-07-20 16:30:00,
Tomorrowland,2025,De Schorre,RISE BY COCA-COLA,Firaga,2025-07-20 15:30:00,2025-07-20 16:30:00,
Tomorrowland,2025,De Schorre,THE RAVE CAVE,Pako Marckx,2025-07-20 15:30:00,2025-07-20 17:00:00,
Tomorrowland,2025,De Schorre,FREEDOM BY BUD,Sofi Tukker,2025-07-20 16:00:00,2025-07-20 17:30:00,
Tomorrowland,2025,De Schorre,HOUSE OF FORTUNE BY JBL,HALO,2025-07-20 16:00:00,2025-07-20 17:00:00,
Tomorrowland,2025,De Schorre,MOOSEBAR,Jerrooo,2025-07-20 16:00:00,2025-07-20 19:00:00,
Tomorrowland,2025,De Schorre,PLANAXIS,Mike Mago,2025-07-20 16:00:00,2025-07-20 17:00:00,
Tomorrowland,2025,De Schorre,THE GREAT LIBRARY,Basswell,2025-07-20 16:00:00,2025-07-20 17:00:00,
Tomorrowland,2025,De Schorre,THE ROSE GARDEN,Hard Driver,2025-07-20 16:00:00,2025-07-20 17:00:00,
Tomorrowland,2025,De Schorre,CAGE,Cleopard2000,2025-07-20 16:30:00,2025-07-20 18:00:00,
Tomorrowland,2025,De Schorre,MAINSTAGE,Maddix,2025-07-20 16:30:00,2025-07-20 17:30:00,
Tomorrowland,2025,De Schorre,MELODIA BY CORONA,Ruze,2025-07-20 16:30:00,2025-07-20 18:00:00,
Tomorrowland,2025,De Schorre,RISE BY COCA-COLA,Zyce,2025-07-20 16:30:00,2025-07-20 17:30:00,
Tomorrowland,2025,De Schorre,ATMOSPHERE,Airod,2025-07-20 17:00:00,2025-07-20 18:30:00,
Tomorrowland,2025,De Schorre,CORE,Effy,2025-07-20 17:00:00,2025-07-20 18:30:00,
Tomorrowland,2025,De Schorre,CRYSTAL GARDEN,Kitty Amor,2025-07-20 17:00:00,2025-07-20 18:30:00,
Tomorrowland,2025,De Schorre,ELIXIR,Gomorris,2025-07-20 17:00:00,2025-07-20 19:00:00,
Tomorrowland,2025,De Schorre,HOUSE OF FORTUNE BY JBL,Henri PFR,2025-07-20 17:00:00,2025-07-20 18:00:00,
Tomorrowland,2025,De Schorre,PLANAXIS,Bingo Players,2025-07-20 17:00:00,2025-07-20 18:00:00,
Tomorrowland,2025,De Schorre,THE GREAT LIBRARY,Blasterjaxx,2025-07-20 17:00:00,2025-07-20 18:00:00,
Tomorrowland,2025,De Schorre,THE RAVE CAVE,Jane Muss,2025-07-20 17:00:00,2025-07-20 18:30:00,
Tomorrowland,2025,De Schorre,THE ROSE GARDEN,Sound Rush,2025-07-20 17:00:00,2025-07-20 18:15:00,
Tomorrowland,2025,De Schorre,FREEDOM BY BUD,Sammy Virji,2025-07-20 17:30:00,2025-07-20 19:00:00,
Tomorrowland,2025,De Schorre,RISE BY COCA-COLA,Mekkanikka,2025-07-20 17:30:00,2025-07-20 18:30:00,
Tomorrowland,2025,De Schorre,MAINSTAGE,Sub Focus,2025-07-20 17:35:00,2025-07-20 18:35:00,
Tomorrowland,2025,De Schorre,CAGE,Diffrent,2025-07-20 18:00:00,2025-07-20 19:30:00,
Tomorrowland,2025,De Schorre,HOUSE OF FORTUNE BY JBL,Amelie Lens,2025-07-20 18:00:00,2025-07-20 19:00:00,
Tomorrowland,2025,De Schorre,MELODIA BY CORONA,Sem Jacobs,2025-07-20 18:00:00,2025-07-20 19:30:00,
Tomorrowland,2025,De Schorre,PLANAXIS,Firebeatz,2025-07-20 18:00:00,2025-07-20 19:00:00,
Tomorrowland,2025,De Schorre,THE GREAT LIBRARY,Bassjackers,2025-07-20 18:00:00,2025-07-20 19:00:00,
Tomorrowland,2025,De Schorre,THE ROSE GARDEN,Da Tweekaz,2025-07-20 18:15:00,2025-07-20 19:15:00,
Tomorrowland,2025,De Schorre,ATMOSPHERE,Funk Tribu,2025-07-20 18:30:00,2025-07-20 20:00:00,
Tomorrowland,2025,De Schorre,CORE,Oscar and the Wolf (After Hours),2025-07-20 18:30:00,2025-07-20 19:30:00,
Tomorrowland,2025,De Schorre,CRYSTAL GARDEN,BLOND:ISH,2025-07-20 18:30:00,2025-07-20 20:00:00,
Tomorrowland,2025,De Schorre,RISE BY COCA-COLA,Somnia.,2025-07-20 18:30:00,2025-07-20 19:30:00,
Tomorrowland,2025,De Schorre,THE RAVE CAVE,MËRO,2025-07-20 18:30:00,2025-07-20 20:00:00,
Tomorrowland,2025,De Schorre,MAINSTAGE,MATTN,2025-07-20 18:35:00,2025-07-20 19:35:00,
Tomorrowland,2025,De Schorre,ELIXIR,Rick & James 80’s Party,2025-07-20 19:00:00,2025-07-20 20:30:00,
Tomorrowland,2025,De Schorre,FREEDOM BY BUD,Argy,2025-07-20 19:00:00,2025-07-20 20:30:00,
Tomorrowland,2025,De Schorre,HOUSE OF FORTUNE BY JBL,Maddix,2025-07-20 19:00:00,2025-07-20 20:00:00,
Tomorrowland,2025,De Schorre,MOOSEBAR,Sam Gooris,2025-07-20 19:00:00,2025-07-20 19:25:00,
Tomorrowland,2025,De Schorre,PLANAXIS,Sander van Doorn,2025-07-20 19:00:00,2025-07-20 20:00:00,
Tomorrowland,2025,De Schorre,THE GREAT LIBRARY,Sam Feldt,2025-07-20 19:00:00,2025-07-20 20:00:00,
Tomorrowland,2025,De Schorre,THE ROSE GARDEN,Coone,2025-07-20 19:15:00,2025-07-20 20:15:00,
Tomorrowland,2025,De Schorre,MOOSEBAR,Funktastix,2025-07-20 19:25:00,2025-07-21 00:00:00,
Tomorrowland,2025,De Schorre,CAGE,Sim0ne,2025-07-20 19:30:00,2025-07-20 21:30:00,
Tomorrowland,2025,De Schorre,CORE,HAAi,2025-07-20 19:30:00,2025-07-20 21:00:00,
Tomorrowland,2025,De Schorre,MELODIA BY CORONA,Mr. Belt & Wezol,2025-07-20 19:30:00,2025-07-20 21:30:00,
Tomorrowland,2025,De Schorre,RISE BY COCA-COLA,Hi-Profile,2025-07-20 19:30:00,2025-07-20 20:30:00,
Tomorrowland,2025,De Schorre,MAINSTAGE,Solomun,2025-07-20 19:40:00,2025-07-20 20:40:00,
Tomorrowland,2025,De Schorre,ATMOSPHERE,SPFDJ,2025-07-20 20:00:00,2025-07-20 22:00:00,
Tomorrowland,2025,De Schorre,ATMOSPHERE,VTSS,2025-07-20 20:00:00,2025-07-20 22:00:00,
Tomorrowland,2025,De Schorre,CRYSTAL GARDEN,Ajna,2025-07-20 20:00:00,2025-07-20 22:00:00,
Tomorrowland,2025,De Schorre,CRYSTAL GARDEN,Samm,2025-07-20 20:00:00,2025-07-20 22:00:00,
Tomorrowland,2025,De Schorre,HOUSE OF FORTUNE BY JBL,Thomm,2025-07-20 20:00:00,2025-07-20 21:00:00,
Tomorrowland,2025,De Schorre,PLANAXIS,Ftampa,2025-07-20 20:00:00,2025-07-20 21:00:00,
Tomorrowland,2025,De Schorre,THE GREAT LIBRARY,Dimitri Vegas b2b Steve Aoki,2025-07-20 20:00:00,2025-07-20 21:00:00,
Tomorrowland,2025,De Schorre,THE RAVE CAVE,X&Trick,2025-07-20 20:00:00,2025-07-20 21:30:00,
Tomorrowland,2025,De Schorre,THE ROSE GARDEN,Tweekacore x Gammer,2025-07-20 20:15:00,2025-07-20 21:15:00,
Tomorrowland,2025,De Schorre,ELIXIR,De Jaren Nul Party,2025-07-20 20:30:00,2025-07-20 22:00:00,
Tomorrowland,2025,De Schorre,FREEDOM BY BUD,Sara Landry,2025-07-20 20:30:00,2025-07-20 22:00:00,
Tomorrowland,2025,De Schorre,RISE BY COCA-COLA,WHITENO1SE,2025-07-20 20:30:00,2025-07-20 21:30:00,
Tomorrowland,2025,De Schorre,MAINSTAGE,Lost Frequencies,2025-07-20 20:40:00,2025-07-20 21:40:00,
Tomorrowland,2025,De Schorre,CORE,DJ BORING,2025-07-20 21:00:00,2025-07-20 22:30:00,
Tomorrowland,2025,De Schorre,HOUSE OF FORTUNE BY JBL,MANDY,2025-07-20 21:00:00,2025-07-20 22:00:00,
Tomorrowland,2025,De Schorre,PLANAXIS,Superheroes (Laidback Luke Presents Super You & Me),2025-07-20 21:00:00,2025-07-20 22:00:00,
Tomorrowland,2025,De Schorre,THE GREAT LIBRARY,Robin Schulz,2025-07-20 21:00:00,2025-07-20 22:00:00,
Tomorrowland,2025,De Schorre,THE ROSE GARDEN,Warface,2025-07-20 21:15:00,2025-07-20 22:15:00,
Tomorrowland,2025,De Schorre,CAGE,LB aka LABAT,2025-07-20 21:30:00,2025-07-20 23:00:00,
Tomorrowland,2025,De Schorre,MELODIA BY CORONA,Oden & Fatzo (Live),2025-07-20 21:30:00,2025-07-20 23:00:00,
Tomorrowland,2025,De Schorre,RISE BY COCA-COLA,Blastoyz,2025-07-20 21:30:00,2025-07-20 22:30:00,
Tomorrowland,2025,De Schorre,THE RAVE CAVE,3amdisco,2025-07-20 21:30:00,2025-07-20 23:00:00,
Tomorrowland,2025,De Schorre,MAINSTAGE,Fisher,2025-07-20 21:45:00,2025-07-20 22:45:00,
Tomorrowland,2025,De Schorre,ATMOSPHERE,Amelie Lens,2025-07-20 22:00:00,2025-07-20 23:55:00,
Tomorrowland,2025,De Schorre,CRYSTAL GARDEN,Gordo,2025-07-20 22:00:00,2025-07-20 23:30:00,
Tomorrowland,2025,De Schorre,ELIXIR,Diskobar Sabrina,2025-07-20 22:00:00,2025-07-20 23:00:00,
Tomorrowland,2025,De Schorre,FREEDOM BY BUD,Angerfist,2025-07-20 22:00:00,2025-07-20 23:30:00,
Tomorrowland,2025,De Schorre,FREEDOM BY BUD,Reinier Zonneveld,2025-07-20 22:00:00,2025-07-20 23:30:00,
Tomorrowland,2025,De Schorre,PLANAXIS,Dannic,2025-07-20 22:00:00,2025-07-20 23:00:00,
Tomorrowland,2025,De Schorre,THE GREAT LIBRARY,Brennan Heart,2025-07-20 22:00:00,2025-07-20 23:00:00,
Tomorrowland,2025,De Schorre,THE ROSE GARDEN,Mutilator,2025-07-20 22:15:00,2025-07-20 23:00:00,
Tomorrowland,2025,De Schorre,CORE,DJ BORING,2025-07-20 22:30:00,2025-07-20 23:50:00,
Tomorrowland,2025,De Schorre,CORE,HAAi,2025-07-20 22:30:00,2025-07-20 23:50:00,
Tomorrowland,2025,De Schorre,RISE BY COCA-COLA,Webra,2025-07-20 22:30:00,2025-07-21 00:00:00,
Tomorrowland,2025,De Schorre,MAINSTAGE,David Guetta,2025-07-20 22:50:00,2025-07-20 23:50:00,
Tomorrowland,2025,De Schorre,ELIXIR,Laurens Luyten,2025-07-20 23:00:00,2025-07-21 00:00:00,
Tomorrowland,2025,De Schorre,PLANAXIS,Wiwek,2025-07-20 23:00:00,2025-07-20 23:50:00,
Tomorrowland,2025,De Schorre,THE GATHERING,Aghatixx,2025-07-24 13:00:00,2025-07-24 14:00:00,
Tomorrowland,2025,De Schorre,THE GATHERING,Odssey,2025-07-24 14:00:00,2025-07-24 15:00:00,
Tomorrowland,2025,De Schorre,THE GATHERING - STAGE II,JOULIE,2025-07-24 14:00:00,2025-07-24 16:00:00,
Tomorrowland,2025,De Schorre,THE GATHERING,Prinz,2025-07-24 15:00:00,2025-07-24 16:00:00,
Tomorrowland,2025,De Schorre,THE GATHERING,Nina Black,2025-07-24 16:00:00,2025-07-24 17:00:00,
Tomorrowland,2025,De Schorre,THE GATHERING - STAGE II,Niels Feijen,2025-07-24 16:00:00,2025-07-24 18:00:00,
Tomorrowland,2025,De Schorre,THE GATHERING,Michael Amani,2025-07-24 17:00:00,2025-07-24 18:00:00,
Tomorrowland,2025,De Schorre,THE GATHERING,Pegassi,2025-07-24 18:00:00,2025-07-24 19:00:00,
Tomorrowland,2025,De Schorre,THE GATHERING - STAGE II,Axel Haube,2025-07-24 18:00:00,2025-07-24 20:00:00,
Tomorrowland,2025,De Schorre,THE GATHERING,Regi,2025-07-24 19:00:00,2025-07-24 20:00:00,
Tomorrowland,2025,De Schorre,THE GATHERING,SURPRISE,2025-07-24 20:00:00,2025-07-24 21:00:00,
Tomorrowland,2025,De Schorre,THE GATHERING,Yves V,2025-07-24 20:00:00,2025-07-24 21:00:00,
Tomorrowland,2025,De Schorre,THE GATHERING - STAGE II,Youri Parker,2025-07-24 20:00:00,2025-07-24 22:00:00,
Tomorrowland,2025,De Schorre,THE GATHERING,SURPRISE,2025-07-24 21:00:00,2025-07-24 22:00:00,
Tomorrowland,2025,De Schorre,THE GATHERING,SURPRISE,2025-07-24 22:00:00,2025-07-24 23:00:00,
Tomorrowland,2025,De Schorre,THE GATHERING - STAGE II,Marhu,2025-07-24 22:00:00,2025-07-25 00:00:00,
Tomorrowland,2025,De Schorre,THE GATHERING,NOVAH,2025-07-24 23:00:00,2025-07-25 00:00:00,
Tomorrowland,2025,De Schorre,ATMOSPHERE,Luna Fields,2025-07-25 12:00:00,2025-07-25 14:30:00,
Tomorrowland,2025,De Schorre,CAGE,TripleX & LeMarc,2025-07-25 12:00:00,2025-07-25 13:00:00,
Tomorrowland,2025,De Schorre,CRYSTAL GARDEN,Luna & Lenthe,2025-07-25 12:00:00,2025-07-25 14:00:00,
Tomorrowland,2025,De Schorre,FREEDOM BY BUD,Vomee,2025-07-25 12:00:00,2025-07-25 14:00:00,
Tomorrowland,2025,De Schorre,MAINSTAGE,Daybreak: Bob Sinclar & Paloma b2b,2025-07-25 12:00:00,2025-07-25 14:30:00,
Tomorrowland,2025,De Schorre,MELODIA BY CORONA,Kenny Montana,2025-07-25 12:00:00,2025-07-25 14:00:00,
Tomorrowland,2025,De Schorre,MOOSEBAR,Kurt Verheyen,2025-07-25 12:00:00,2025-07-25 16:00:00,
Tomorrowland,2025,De Schorre,PLANAXIS,Calao,2025-07-25 12:00:00,2025-07-25 14:00:00,
Tomorrowland,2025,De Schorre,THE GREAT LIBRARY,Dave Lambert,2025-07-25 12:00:00,2025-07-25 13:00:00,
Tomorrowland,2025,De Schorre,THE ROSE GARDEN,Idle Days,2025-07-25 12:00:00,2025-07-25 13:00:00,
Tomorrowland,2025,De Schorre,CORE,EG,2025-07-25 12:30:00,2025-07-25 14:30:00,
Tomorrowland,2025,De Schorre,RISE BY COCA-COLA,Quintexx,2025-07-25 12:30:00,2025-07-25 14:00:00,
Tomorrowland,2025,De Schorre,CAGE,Imhappy,2025-07-25 13:00:00,2025-07-25 14:00:00,
Tomorrowland,2025,De Schorre,ELIXIR,Som Systema,2025-07-25 13:00:00,2025-07-25 14:30:00,
Tomorrowland,2025,De Schorre,HOUSE OF FORTUNE BY JBL,NA:TUS,2025-07-25 13:00:00,2025-07-25 14:00:00,
Tomorrowland,2025,De Schorre,THE GREAT LIBRARY,Lennert Wolfs,2025-07-25 13:00:00,2025-07-25 14:00:00,
Tomorrowland,2025,De Schorre,THE RAVE CAVE,RUBY XX,2025-07-25 13:00:00,2025-07-25 15:00:00,
Tomorrowland,2025,De Schorre,THE ROSE GARDEN,Dub Elements,2025-07-25 13:00:00,2025-07-25 14:00:00,
Tomorrowland,2025,De Schorre,CAGE,Rayzen,2025-07-25 14:00:00,2025-07-25 15:00:00,
Tomorrowland,2025,De Schorre,CRYSTAL GARDEN,Kasia,2025-07-25 14:00:00,2025-07-25 15:30:00,
Tomorrowland,2025,De Schorre,FREEDOM BY BUD,AVALAN ROKSTON,2025-07-25 14:00:00,2025-07-25 15:30:00,
Tomorrowland,2025,De Schorre,HOUSE OF FORTUNE BY JBL,Felipe Poeta,2025-07-25 14:00:00,2025-07-25 15:00:00,
Tomorrowland,2025,De Schorre,MELODIA BY CORONA,Piaggio Disco Club,2025-07-25 14:00:00,2025-07-25 15:30:00,
Tomorrowland,2025,De Schorre,PLANAXIS,Nico Morano,2025-07-25 14:00:00,2025-07-25 16:00:00,
Tomorrowland,2025,De Schorre,RISE BY COCA-COLA,Tim Bliss,2025-07-25 14:00:00,2025-07-25 15:00:00,
Tomorrowland,2025,De Schorre,THE GREAT LIBRARY,Karakals,2025-07-25 14:00:00,2025-07-25 15:00:00,
Tomorrowland,2025,De Schorre,THE ROSE GARDEN,Ruth Royall,2025-07-25 14:00:00,2025-07-25 15:00:00,
Tomorrowland,2025,De Schorre,ATMOSPHERE,Lena De Roose,2025-07-25 14:30:00,2025-07-25 16:30:00,
Tomorrowland,2025,De Schorre,CORE,ttyfal,2025-07-25 14:30:00,2025-07-25 16:00:00,
Tomorrowland,2025,De Schorre,ELIXIR,Drezz,2025-07-25 14:30:00,2025-07-25 16:00:00,
Tomorrowland,2025,De Schorre,MAINSTAGE,Merow,2025-07-25 14:30:00,2025-07-25 15:30:00,
Tomorrowland,2025,De Schorre,CAGE,Noiseflow,2025-07-25 15:00:00,2025-07-25 16:00:00,
Tomorrowland,2025,De Schorre,HOUSE OF FORTUNE BY JBL,Tiger Drama,2025-07-25 15:00:00,2025-07-25 16:00:00,
Tomorrowland,2025,De Schorre,RISE BY COCA-COLA,Pricila Diaz,2025-07-25 15:00:00,2025-07-25 16:00:00,
Tomorrowland,2025,De Schorre,THE GREAT LIBRARY,Michael Amani,2025-07-25 15:00:00,2025-07-25 16:00:00,
Tomorrowland,2025,De Schorre,THE RAVE CAVE,Roman Weber,2025-07-25 15:00:00,2025-07-25 16:00:00,
Tomorrowland,2025,De Schorre,THE ROSE GARDEN,Shiverz,2025-07-25 15:00:00,2025-07-25 16:00:00,
Tomorrowland,2025,De Schorre,CRYSTAL GARDEN,Olympe,2025-07-25 15:30:00,2025-07-25 17:00:00,
Tomorrowland,2025,De Schorre,FREEDOM BY BUD,Korolova,2025-07-25 15:30:00,2025-07-25 17:00:00,
Tomorrowland,2025,De Schorre,MAINSTAGE,Matisse & Sadko,2025-07-25 15:30:00,2025-07-25 16:30:00,
Tomorrowland,2025,De Schorre,MELODIA BY CORONA,Mona Lee,2025-07-25 15:30:00,2025-07-25 17:30:00,
Tomorrowland,2025,De Schorre,CAGE,Partyraiser,2025-07-25 16:00:00,2025-07-25 17:00:00,
Tomorrowland,2025,De Schorre,CORE,Samm,2025-07-25 16:00:00,2025-07-25 17:30:00,
Tomorrowland,2025,De Schorre,ELIXIR,Manuals,2025-07-25 16:00:00,2025-07-25 17:00:00,
Tomorrowland,2025,De Schorre,ELIXIR,Meaghan,2025-07-25 16:00:00,2025-07-25 17:00:00,
Tomorrowland,2025,De Schorre,HOUSE OF FORTUNE BY JBL,Odssey,2025-07-25 16:00:00,2025-07-25 17:00:00,
Tomorrowland,2025,De Schorre,MOOSEBAR,Brian,2025-07-25 16:00:00,2025-07-25 19:00:00,
Tomorrowland,2025,De Schorre,PLANAXIS,Ashibah,2025-07-25 16:00:00,2025-07-25 18:00:00,
Tomorrowland,2025,De Schorre,RISE BY COCA-COLA,ZAC,2025-07-25 16:00:00,2025-07-25 17:00:00,
Tomorrowland,2025,De Schorre,THE GREAT LIBRARY,BRESH,2025-07-25 16:00:00,2025-07-25 17:00:00,
Tomorrowland,2025,De Schorre,THE RAVE CAVE,Thomas Moulene,2025-07-25 16:00:00,2025-07-25 17:00:00,
Tomorrowland,2025,De Schorre,THE ROSE GARDEN,Gentlemans Club,2025-07-25 16:00:00,2025-07-25 17:00:00,
Tomorrowland,2025,De Schorre,ATMOSPHERE,VIDO,2025-07-25 16:30:00,2025-07-25 18:00:00,
Tomorrowland,2025,De Schorre,MAINSTAGE,Andromedik,2025-07-25 16:30:00,2025-07-25 17:30:00,
Tomorrowland,2025,De Schorre,CAGE,F.NOIZE,2025-07-25 17:00:00,2025-07-25 18:00:00,
Tomorrowland,2025,De Schorre,CAGE,Sandy Warez,2025-07-25 17:00:00,2025-07-25 18:00:00,
Tomorrowland,2025,De Schorre,CRYSTAL GARDEN,Rose Ringed,2025-07-25 17:00:00,2025-07-25 18:30:00,
Tomorrowland,2025,De Schorre,ELIXIR,Tola OG ft. Henok,2025-07-25 17:00:00,2025-07-25 18:00:00,
Tomorrowland,2025,De Schorre,FREEDOM BY BUD,Ida Engberg,2025-07-25 17:00:00,2025-07-25 18:30:00,
Tomorrowland,2025,De Schorre,HOUSE OF FORTUNE BY JBL,Shake Coconut,2025-07-25 17:00:00,2025-07-25 18:00:00,
Tomorrowland,2025,De Schorre,RISE BY COCA-COLA,Jessica Brankka,2025-07-25 17:00:00,2025-07-25 18:00:00,
Tomorrowland,2025,De Schorre,THE GREAT LIBRARY,B Jones,2025-07-25 17:00:00,2025-07-25 18:00:00,
Tomorrowland,2025,De Schorre,THE RAVE CAVE,Axel Haube,2025-07-25 17:00:00,2025-07-25 18:00:00,
Tomorrowland,2025,De Schorre,THE ROSE GARDEN,Sicaria,2025-07-25 17:00:00,2025-07-25 18:00:00,
Tomorrowland,2025,De Schorre,CORE,Julya Karma,2025-07-25 17:30:00,2025-07-25 19:00:00,
Tomorrowland,2025,De Schorre,MELODIA BY CORONA,Bibi Seck,2025-07-25 17:30:00,2025-07-25 19:30:00,
Tomorrowland,2025,De Schorre,MAINSTAGE,MANDY,2025-07-25 17:35:00,2025-07-25 18:35:00,
Tomorrowland,2025,De Schorre,ATMOSPHERE,CARV,2025-07-25 18:00:00,2025-07-25 19:30:00,
Tomorrowland,2025,De Schorre,CAGE,Deadly Guns,2025-07-25 18:00:00,2025-07-25 19:00:00,
Tomorrowland,2025,De Schorre,ELIXIR,Nina Black,2025-07-25 18:00:00,2025-07-25 19:00:00,
Tomorrowland,2025,De Schorre,HOUSE OF FORTUNE BY JBL,Cat Dealers b2b Dubdogz,2025-07-25 18:00:00,2025-07-25 19:00:00,
Tomorrowland,2025,De Schorre,PLANAXIS,Alex Wann,2025-07-25 18:00:00,2025-07-25 19:30:00,
Tomorrowland,2025,De Schorre,RISE BY COCA-COLA,Bhaskar,2025-07-25 18:00:00,2025-07-25 19:00:00,
Tomorrowland,2025,De Schorre,THE GREAT LIBRARY,Omdat Het Kan & Average Rob,2025-07-25 18:00:00,2025-07-25 19:00:00,
Tomorrowland,2025,De Schorre,THE RAVE CAVE,Justin Wilkes,2025-07-25 18:00:00,2025-07-25 19:00:00,
Tomorrowland,2025,De Schorre,THE ROSE GARDEN,Eskei83,2025-07-25 18:00:00,2025-07-25 19:00:00,
Tomorrowland,2025,De Schorre,CRYSTAL GARDEN,Massano,2025-07-25 18:30:00,2025-07-25 20:00:00,
Tomorrowland,2025,De Schorre,FREEDOM BY BUD,Fideles,2025-07-25 18:30:00,2025-07-25 20:00:00,
Tomorrowland,2025,De Schorre,MAINSTAGE,Kaskade,2025-07-25 18:35:00,2025-07-25 19:35:00,
Tomorrowland,2025,De Schorre,CAGE,DJ Furax,2025-07-25 19:00:00,2025-07-25 20:00:00,
Tomorrowland,2025,De Schorre,CAGE,MC Brunograffer,2025-07-25 19:00:00,2025-07-25 20:00:00,
Tomorrowland,2025,De Schorre,CAGE,Vernex,2025-07-25 19:00:00,2025-07-25 20:00:00,
Tomorrowland,2025,De Schorre,CORE,Jimi Jules,2025-07-25 19:00:00,2025-07-25 20:30:00,
Tomorrowland,2025,De Schorre,ELIXIR,Jaël Ost & MagiK,2025-07-25 19:00:00,2025-07-25 20:00:00,
Tomorrowland,2025,De Schorre,HOUSE OF FORTUNE BY JBL,Tim Hox,2025-07-25 19:00:00,2025-07-25 20:00:00,
Tomorrowland,2025,De Schorre,MOOSEBAR,Joe Hardy,2025-07-25 19:00:00,2025-07-25 19:20:00,
Tomorrowland,2025,De Schorre,RISE BY COCA-COLA,Illusionize,2025-07-25 19:00:00,2025-07-25 20:00:00,
Tomorrowland,2025,De Schorre,THE GREAT LIBRARY,Da Tweekaz,2025-07-25 19:00:00,2025-07-25 20:00:00,
Tomorrowland,2025,De Schorre,THE RAVE CAVE,Dr. G,2025-07-25 19:00:00,2025-07-25 20:30:00,
Tomorrowland,2025,De Schorre,THE ROSE GARDEN,Murdock,2025-07-25 19:00:00,2025-07-25 20:00:00,
Tomorrowland,2025,De Schorre,MOOSEBAR,Michael More,2025-07-25 19:20:00,2025-07-26 00:00:00,
Tomorrowland,2025,De Schorre,ATMOSPHERE,Cloudy,2025-07-25 19:30:00,2025-07-25 21:00:00,
Tomorrowland,2025,De Schorre,MELODIA BY CORONA,Kirollus,2025-07-25 19:30:00,2025-07-25 21:30:00,
Tomorrowland,2025,De Schorre,PLANAXIS,Patrice Baumel,2025-07-25 19:30:00,2025-07-25 21:00:00,
Tomorrowland,2025,De Schorre,MAINSTAGE,Agents of Time,2025-07-25 19:40:00,2025-07-25 20:40:00,
Tomorrowland,2025,De Schorre,CAGE,Noxiouz,2025-07-25 20:00:00,2025-07-25 21:00:00,
Tomorrowland,2025,De Schorre,CRYSTAL GARDEN,Kevin de Vries,2025-07-25 20:00:00,2025-07-25 21:30:00,
Tomorrowland,2025,De Schorre,ELIXIR,Arthur Lewis & Gerben Tuerlinckx,2025-07-25 20:00:00,2025-07-25 21:00:00,
Tomorrowland,2025,De Schorre,FREEDOM BY BUD,Kölsch,2025-07-25 20:00:00,2025-07-25 21:30:00,
Tomorrowland,2025,De Schorre,HOUSE OF FORTUNE BY JBL,Merow,2025-07-25 20:00:00,2025-07-25 21:00:00,
Tomorrowland,2025,De Schorre,RISE BY COCA-COLA,Cat Dealers,2025-07-25 20:00:00,2025-07-25 21:00:00,
Tomorrowland,2025,De Schorre,THE GREAT LIBRARY,NERVO,2025-07-25 20:00:00,2025-07-25 21:00:00,
Tomorrowland,2025,De Schorre,THE ROSE GARDEN,Dirtyphonics,2025-07-25 20:00:00,2025-07-25 21:00:00,
Tomorrowland,2025,De Schorre,CORE,HAAi,2025-07-25 20:30:00,2025-07-25 22:00:00,
Tomorrowland,2025,De Schorre,THE RAVE CAVE,Yuuki Yoshiyama,2025-07-25 20:30:00,2025-07-25 22:00:00,
Tomorrowland,2025,De Schorre,MAINSTAGE,John Summit,2025-07-25 20:40:00,2025-07-25 21:40:00,
Tomorrowland,2025,De Schorre,ATMOSPHERE,I Hate Models,2025-07-25 21:00:00,2025-07-25 22:30:00,
Tomorrowland,2025,De Schorre,CAGE,Equal2,2025-07-25 21:00:00,2025-07-25 22:00:00,
Tomorrowland,2025,De Schorre,CAGE,Unsyn,2025-07-25 21:00:00,2025-07-25 22:00:00,
Tomorrowland,2025,De Schorre,ELIXIR,Unregular,2025-07-25 21:00:00,2025-07-25 22:00:00,
Tomorrowland,2025,De Schorre,HOUSE OF FORTUNE BY JBL,Vikkstar,2025-07-25 21:00:00,2025-07-25 22:00:00,
Tomorrowland,2025,De Schorre,PLANAXIS,Ben Böhmer,2025-07-25 21:00:00,2025-07-25 22:30:00,
Tomorrowland,2025,De Schorre,RISE BY COCA-COLA,Dubdogz,2025-07-25 21:00:00,2025-07-25 22:00:00,
Tomorrowland,2025,De Schorre,THE GREAT LIBRARY,James Hype,2025-07-25 21:00:00,2025-07-25 22:30:00,
Tomorrowland,2025,De Schorre,THE ROSE GARDEN,Infekt,2025-07-25 21:00:00,2025-07-25 22:00:00,
Tomorrowland,2025,De Schorre,CRYSTAL GARDEN,Anyma,2025-07-25 21:30:00,2025-07-26 00:30:00,
Tomorrowland,2025,De Schorre,CRYSTAL GARDEN,Solomun,2025-07-25 21:30:00,2025-07-26 00:30:00,
Tomorrowland,2025,De Schorre,FREEDOM BY BUD,Mathame,2025-07-25 21:30:00,2025-07-25 23:00:00,
Tomorrowland,2025,De Schorre,MELODIA BY CORONA,Jeroen Delodder,2025-07-25 21:30:00,2025-07-26 00:00:00,
Tomorrowland,2025,De Schorre,MAINSTAGE,Swedish House Mafia,2025-07-25 21:45:00,2025-07-25 22:45:00,
Tomorrowland,2025,De Schorre,CAGE,Satirized,2025-07-25 22:00:00,2025-07-25 23:00:00,
Tomorrowland,2025,De Schorre,CORE,Dixon,2025-07-25 22:00:00,2025-07-26 00:00:00,
Tomorrowland,2025,De Schorre,ELIXIR,Bridgeman,2025-07-25 22:00:00,2025-07-25 23:30:00,
Tomorrowland,2025,De Schorre,RISE BY COCA-COLA,Liu,2025-07-25 22:00:00,2025-07-25 23:00:00,
Tomorrowland,2025,De Schorre,THE RAVE CAVE,Flowchief,2025-07-25 22:00:00,2025-07-25 23:00:00,
Tomorrowland,2025,De Schorre,THE ROSE GARDEN,USED,2025-07-25 22:00:00,2025-07-25 23:00:00,
Tomorrowland,2025,De Schorre,ATMOSPHERE,6EJOU (Live),2025-07-25 22:30:00,2025-07-26 00:00:00,
Tomorrowland,2025,De Schorre,THE GREAT LIBRARY,Boris Brejcha,2025-07-25 22:30:00,2025-07-26 00:00:00,
Tomorrowland,2025,De Schorre,MAINSTAGE,Armin van Buuren,2025-07-25 22:50:00,2025-07-25 23:50:00,
Tomorrowland,2025,De Schorre,FREEDOM BY BUD,Eric Prydz,2025-07-25 23:00:00,2025-07-26 00:30:00,
Tomorrowland,2025,De Schorre,THE RAVE CAVE,Fer Fox,2025-07-25 23:00:00,2025-07-26 00:00:00,
Tomorrowland,2025,De Schorre,THE ROSE GARDEN,Andy C,2025-07-25 23:00:00,2025-07-26 00:00:00,
Tomorrowland,2025,De Schorre,ELIXIR,Hide N Seek,2025-07-25 23:30:00,2025-07-26 01:00:00,
Tomorrowland,2025,De Schorre,ELIXIR,Mars,2025-07-25 23:30:00,2025-07-26 01:00:00,
Tomorrowland,2025,De Schorre,MAINSTAGE,Hardwell,2025-07-25 23:50:00,2025-07-26 00:50:00,
Tomorrowland,2025,De Schorre,ATMOSPHERE,Dimitri Vegas,2025-07-26 00:00:00,2025-07-26 00:55:00,
Tomorrowland,2025,De Schorre,ATMOSPHERE,Fantasm,2025-07-26 00:00:00,2025-07-26 00:55:00,
Tomorrowland,2025,De Schorre,CORE,Dixon,2025-07-26 00:00:00,2025-07-26 00:50:00,
Tomorrowland,2025,De Schorre,CORE,HAAi,2025-07-26 00:00:00,2025-07-26 00:50:00,
Tomorrowland,2025,De Schorre,ATMOSPHERE,Prinsezy,2025-07-26 12:00:00,2025-07-26 14:00:00,
Tomorrowland,2025,De Schorre,CAGE,Legolane,2025-07-26 12:00:00,2025-07-26 13:30:00,
Tomorrowland,2025,De Schorre,CRYSTAL GARDEN,Neon,2025-07-26 12:00:00,2025-07-26 13:30:00,
Tomorrowland,2025,De Schorre,FREEDOM BY BUD,Samer Soltan,2025-07-26 12:00:00,2025-07-26 14:00:00,
Tomorrowland,2025,De Schorre,MAINSTAGE,Daybreak: Yves V,2025-07-26 12:00:00,2025-07-26 14:15:00,
Tomorrowland,2025,De Schorre,MELODIA BY CORONA,Sentin,2025-07-26 12:00:00,2025-07-26 14:00:00,
Tomorrowland,2025,De Schorre,MOOSEBAR,Rino,2025-07-26 12:00:00,2025-07-26 15:00:00,
Tomorrowland,2025,De Schorre,RISE BY COCA-COLA,More to be announced,2025-07-26 12:00:00,2025-07-26 13:00:00,
Tomorrowland,2025,De Schorre,THE GREAT LIBRARY,Reygel,2025-07-26 12:00:00,2025-07-26 14:00:00,
Tomorrowland,2025,De Schorre,THE ROSE GARDEN,Kane,2025-07-26 12:00:00,2025-07-26 13:00:00,
Tomorrowland,2025,De Schorre,CORE,Geheimzinnig Soundsystem,2025-07-26 12:30:00,2025-07-26 14:30:00,
Tomorrowland,2025,De Schorre,PLANAXIS,Domi Re,2025-07-26 12:30:00,2025-07-26 14:00:00,
Tomorrowland,2025,De Schorre,ELIXIR,Anders,2025-07-26 13:00:00,2025-07-26 14:00:00,
Tomorrowland,2025,De Schorre,ELIXIR,Audiowave,2025-07-26 13:00:00,2025-07-26 14:00:00,
Tomorrowland,2025,De Schorre,HOUSE OF FORTUNE BY JBL,Bassbar,2025-07-26 13:00:00,2025-07-26 14:00:00,
Tomorrowland,2025,De Schorre,RISE BY COCA-COLA,HAWKEYS,2025-07-26 13:00:00,2025-07-26 14:00:00,
Tomorrowland,2025,De Schorre,THE RAVE CAVE,KlubXIII Soundsystem,2025-07-26 13:00:00,2025-07-26 15:00:00,
Tomorrowland,2025,De Schorre,THE ROSE GARDEN,DJ Gee,2025-07-26 13:00:00,2025-07-26 14:00:00,
Tomorrowland,2025,De Schorre,THE ROSE GARDEN,DJ Kurt,2025-07-26 13:00:00,2025-07-26 14:00:00,
Tomorrowland,2025,De Schorre,CAGE,Vera Moro,2025-07-26 13:30:00,2025-07-26 15:00:00,
Tomorrowland,2025,De Schorre,CRYSTAL GARDEN,Nightfunk,2025-07-26 13:30:00,2025-07-26 15:00:00,
Tomorrowland,2025,De Schorre,ATMOSPHERE,Eva Vrijdag,2025-07-26 14:00:00,2025-07-26 16:00:00,
Tomorrowland,2025,De Schorre,ELIXIR,Mixturess,2025-07-26 14:00:00,2025-07-26 15:00:00,
Tomorrowland,2025,De Schorre,FREEDOM BY BUD,Betical,2025-07-26 14:00:00,2025-07-26 15:30:00,
Tomorrowland,2025,De Schorre,HOUSE OF FORTUNE BY JBL,Ezekiel Jin,2025-07-26 14:00:00,2025-07-26 14:30:00,
Tomorrowland,2025,De Schorre,MELODIA BY CORONA,Kap's,2025-07-26 14:00:00,2025-07-26 16:00:00,
Tomorrowland,2025,De Schorre,PLANAXIS,Trip-Tamine,2025-07-26 14:00:00,2025-07-26 15:00:00,
Tomorrowland,2025,De Schorre,RISE BY COCA-COLA,JOYSE,2025-07-26 14:00:00,2025-07-26 15:00:00,
Tomorrowland,2025,De Schorre,RISE BY COCA-COLA,Ryan Spicer,2025-07-26 14:00:00,2025-07-26 15:00:00,
Tomorrowland,2025,De Schorre,THE GREAT LIBRARY,Grigoré,2025-07-26 14:00:00,2025-07-26 15:00:00,
Tomorrowland,2025,De Schorre,THE GREAT LIBRARY,Serve Cold,2025-07-26 14:00:00,2025-07-26 15:00:00,
Tomorrowland,2025,De Schorre,THE ROSE GARDEN,Stijn VM,2025-07-26 14:00:00,2025-07-26 15:00:00,
Tomorrowland,2025,De Schorre,MAINSTAGE,Disco Dom,2025-07-26 14:15:00,2025-07-26 15:15:00,
Tomorrowland,2025,De Schorre,CORE,Emjie,2025-07-26 14:30:00,2025-07-26 16:00:00,
Tomorrowland,2025,De Schorre,HOUSE OF FORTUNE BY JBL,Skylab,2025-07-26 14:30:00,2025-07-26 15:00:00,
Tomorrowland,2025,De Schorre,CAGE,Supergloss,2025-07-26 15:00:00,2025-07-26 17:00:00,
Tomorrowland,2025,De Schorre,CRYSTAL GARDEN,Syreeta,2025-07-26 15:00:00,2025-07-26 16:30:00,
Tomorrowland,2025,De Schorre,ELIXIR,Latu,2025-07-26 15:00:00,2025-07-26 16:00:00,
Tomorrowland,2025,De Schorre,HOUSE OF FORTUNE BY JBL,Andrew A,2025-07-26 15:00:00,2025-07-26 15:30:00,
Tomorrowland,2025,De Schorre,MOOSEBAR,Jelle DK,2025-07-26 15:00:00,2025-07-26 19:00:00,
Tomorrowland,2025,De Schorre,PLANAXIS,Firaga,2025-07-26 15:00:00,2025-07-26 16:00:00,
Tomorrowland,2025,De Schorre,RISE BY COCA-COLA,Albert Harvey,2025-07-26 15:00:00,2025-07-26 16:00:00,
Tomorrowland,2025,De Schorre,THE GREAT LIBRARY,Airwolf Paradise,2025-07-26 15:00:00,2025-07-26 16:00:00,
Tomorrowland,2025,De Schorre,THE RAVE CAVE,Jana Vitiligo,2025-07-26 15:00:00,2025-07-26 17:00:00,
Tomorrowland,2025,De Schorre,THE ROSE GARDEN,David DM,2025-07-26 15:00:00,2025-07-26 16:00:00,
Tomorrowland,2025,De Schorre,MAINSTAGE,Cyril,2025-07-26 15:15:00,2025-07-26 16:15:00,
Tomorrowland,2025,De Schorre,FREEDOM BY BUD,ANNA,2025-07-26 15:30:00,2025-07-26 17:00:00,
Tomorrowland,2025,De Schorre,HOUSE OF FORTUNE BY JBL,Gr!dr,2025-07-26 15:30:00,2025-07-26 16:00:00,
Tomorrowland,2025,De Schorre,ATMOSPHERE,Helena Lauwaert,2025-07-26 16:00:00,2025-07-26 17:30:00,
Tomorrowland,2025,De Schorre,CORE,Dino Lenny,2025-07-26 16:00:00,2025-07-26 17:30:00,
Tomorrowland,2025,De Schorre,ELIXIR,Rewind Allstars,2025-07-26 16:00:00,2025-07-26 17:00:00,
Tomorrowland,2025,De Schorre,HOUSE OF FORTUNE BY JBL,Vion Konger,2025-07-26 16:00:00,2025-07-26 17:00:00,
Tomorrowland,2025,De Schorre,MELODIA BY CORONA,Vidojean b2b Olivier Loenn,2025-07-26 16:00:00,2025-07-26 18:00:00,
Tomorrowland,2025,De Schorre,PLANAXIS,Blazy,2025-07-26 16:00:00,2025-07-26 17:00:00,
Tomorrowland,2025,De Schorre,RISE BY COCA-COLA,Skytech,2025-07-26 16:00:00,2025-07-26 17:00:00,
Tomorrowland,2025,De Schorre,THE GREAT LIBRARY,Kream,2025-07-26 16:00:00,2025-07-26 17:00:00,
Tomorrowland,2025,De Schorre,THE ROSE GARDEN,DJ Wout,2025-07-26 16:00:00,2025-07-26 17:00:00,
Tomorrowland,2025,De Schorre,MAINSTAGE,Quintino,2025-07-26 16:15:00,2025-07-26 17:15:00,
Tomorrowland,2025,De Schorre,CRYSTAL GARDEN,Little Fritter,2025-07-26 16:30:00,2025-07-26 18:00:00,
Tomorrowland,2025,De Schorre,CAGE,Dana Montana,2025-07-26 17:00:00,2025-07-26 19:00:00,
Tomorrowland,2025,De Schorre,ELIXIR,Ballantine,2025-07-26 17:00:00,2025-07-26 18:00:00,
Tomorrowland,2025,De Schorre,ELIXIR,SHE,2025-07-26 17:00:00,2025-07-26 18:00:00,
Tomorrowland,2025,De Schorre,FREEDOM BY BUD,Symphony of Unity,2025-07-26 17:00:00,2025-07-26 18:00:00,
Tomorrowland,2025,De Schorre,HOUSE OF FORTUNE BY JBL,FONSI NIETO,2025-07-26 17:00:00,2025-07-26 18:00:00,
Tomorrowland,2025,De Schorre,PLANAXIS,Kompass Traxx,2025-07-26 17:00:00,2025-07-26 18:00:00,
Tomorrowland,2025,De Schorre,RISE BY COCA-COLA,Brian Cross & DJ Nano,2025-07-26 17:00:00,2025-07-26 18:00:00,
Tomorrowland,2025,De Schorre,THE GREAT LIBRARY,Odymel,2025-07-26 17:00:00,2025-07-26 18:00:00,
Tomorrowland,2025,De Schorre,THE RAVE CAVE,Jorn Pricez,2025-07-26 17:00:00,2025-07-26 18:00:00,
Tomorrowland,2025,De Schorre,THE ROSE GARDEN,DJ Jan,2025-07-26 17:00:00,2025-07-26 18:00:00,
Tomorrowland,2025,De Schorre,MAINSTAGE,Henri PFR,2025-07-26 17:20:00,2025-07-26 18:20:00,
Tomorrowland,2025,De Schorre,ATMOSPHERE,Benwal,2025-07-26 17:30:00,2025-07-26 19:00:00,
Tomorrowland,2025,De Schorre,CORE,Swimming Paul,2025-07-26 17:30:00,2025-07-26 19:00:00,
Tomorrowland,2025,De Schorre,CRYSTAL GARDEN,Sarah Story,2025-07-26 18:00:00,2025-07-26 19:30:00,
Tomorrowland,2025,De Schorre,ELIXIR,Encore Soundsystem,2025-07-26 18:00:00,2025-07-26 19:00:00,
Tomorrowland,2025,De Schorre,FREEDOM BY BUD,Meduza,2025-07-26 18:00:00,2025-07-26 19:30:00,
Tomorrowland,2025,De Schorre,HOUSE OF FORTUNE BY JBL,MORTEN,2025-07-26 18:00:00,2025-07-26 19:00:00,
Tomorrowland,2025,De Schorre,MELODIA BY CORONA,Claudia León,2025-07-26 18:00:00,2025-07-26 19:30:00,
Tomorrowland,2025,De Schorre,PLANAXIS,Fabio Fusco,2025-07-26 18:00:00,2025-07-26 19:00:00,
Tomorrowland,2025,De Schorre,RISE BY COCA-COLA,Yves V,2025-07-26 18:00:00,2025-07-26 19:00:00,
Tomorrowland,2025,De Schorre,THE GREAT LIBRARY,Sunnery James & Ryan Marciano,2025-07-26 18:00:00,2025-07-26 19:00:00,
Tomorrowland,2025,De Schorre,THE RAVE CAVE,The Oddword,2025-07-26 18:00:00,2025-07-26 19:00:00,
Tomorrowland,2025,De Schorre,THE ROSE GARDEN,Jan Vervloet,2025-07-26 18:00:00,2025-07-26 19:00:00,
Tomorrowland,2025,De Schorre,MAINSTAGE,Argy,2025-07-26 18:20:00,2025-07-26 19:20:00,
Tomorrowland,2025,De Schorre,ATMOSPHERE,Pegassi,2025-07-26 19:00:00,2025-07-26 20:30:00,
Tomorrowland,2025,De Schorre,CAGE,LSDXOXO,2025-07-26 19:00:00,2025-07-26 21:00:00,
Tomorrowland,2025,De Schorre,CORE,Curses,2025-07-26 19:00:00,2025-07-26 20:30:00,
Tomorrowland,2025,De Schorre,ELIXIR,Fiesta Macumba Soundsystem,2025-07-26 19:00:00,2025-07-26 20:00:00,
Tomorrowland,2025,De Schorre,HOUSE OF FORTUNE BY JBL,DJ Licious,2025-07-26 19:00:00,2025-07-26 20:00:00,
Tomorrowland,2025,De Schorre,MOOSEBAR,Immer Hansie,2025-07-26 19:00:00,2025-07-26 19:25:00,
Tomorrowland,2025,De Schorre,PLANAXIS,Skazi,2025-07-26 19:00:00,2025-07-26 20:00:00,
Tomorrowland,2025,De Schorre,RISE BY COCA-COLA,Diego Miranda,2025-07-26 19:00:00,2025-07-26 20:00:00,
Tomorrowland,2025,De Schorre,THE GREAT LIBRARY,Dimension,2025-07-26 19:00:00,2025-07-26 20:30:00,
Tomorrowland,2025,De Schorre,THE RAVE CAVE,SURPRISE,2025-07-26 19:00:00,2025-07-26 20:00:00,
Tomorrowland,2025,De Schorre,THE ROSE GARDEN,DJ Philip,2025-07-26 19:00:00,2025-07-26 20:00:00,
Tomorrowland,2025,De Schorre,MAINSTAGE,John Newman,2025-07-26 19:20:00,2025-07-26 20:20:00,
Tomorrowland,2025,De Schorre,MOOSEBAR,MR. E.,2025-07-26 19:25:00,2025-07-27 00:00:00,
Tomorrowland,2025,De Schorre,CRYSTAL GARDEN,Amémé,2025-07-26 19:30:00,2025-07-26 21:00:00,
Tomorrowland,2025,De Schorre,FREEDOM BY BUD,Artbat,2025-07-26 19:30:00,2025-07-26 21:00:00,
Tomorrowland,2025,De Schorre,MELODIA BY CORONA,Sparrow & Barbossa,2025-07-26 19:30:00,2025-07-26 21:00:00,
Tomorrowland,2025,De Schorre,ELIXIR,Vunzige Deuntjes Soundsystem,2025-07-26 20:00:00,2025-07-26 21:00:00,
Tomorrowland,2025,De Schorre,HOUSE OF FORTUNE BY JBL,Delafino,2025-07-26 20:00:00,2025-07-26 21:00:00,
Tomorrowland,2025,De Schorre,PLANAXIS,Vegas,2025-07-26 20:00:00,2025-07-26 21:00:00,
Tomorrowland,2025,De Schorre,RISE BY COCA-COLA,Dubvision,2025-07-26 20:00:00,2025-07-26 21:00:00,
Tomorrowland,2025,De Schorre,THE RAVE CAVE,Sam Hofman,2025-07-26 20:00:00,2025-07-26 21:00:00,
Tomorrowland,2025,De Schorre,THE ROSE GARDEN,Franky Kloeck,2025-07-26 20:00:00,2025-07-26 21:00:00,
Tomorrowland,2025,De Schorre,MAINSTAGE,MORTEN,2025-07-26 20:25:00,2025-07-26 21:25:00,
Tomorrowland,2025,De Schorre,ATMOSPHERE,Malugi,2025-07-26 20:30:00,2025-07-26 22:00:00,
Tomorrowland,2025,De Schorre,CORE,TSHA,2025-07-26 20:30:00,2025-07-26 22:00:00,
Tomorrowland,2025,De Schorre,THE GREAT LIBRARY,Sonny Fodera,2025-07-26 20:30:00,2025-07-26 21:30:00,
Tomorrowland,2025,De Schorre,CAGE,FJAAK,2025-07-26 21:00:00,2025-07-26 23:00:00,
Tomorrowland,2025,De Schorre,CRYSTAL GARDEN,Patrick Topping,2025-07-26 21:00:00,2025-07-26 22:30:00,
Tomorrowland,2025,De Schorre,CRYSTAL GARDEN,WADE,2025-07-26 21:00:00,2025-07-26 22:30:00,
Tomorrowland,2025,De Schorre,ELIXIR,WEF,2025-07-26 21:00:00,2025-07-26 22:00:00,
Tomorrowland,2025,De Schorre,FREEDOM BY BUD,Symphony of Unity,2025-07-26 21:00:00,2025-07-26 22:00:00,
Tomorrowland,2025,De Schorre,HOUSE OF FORTUNE BY JBL,ELFIGO,2025-07-26 21:00:00,2025-07-26 22:00:00,
Tomorrowland,2025,De Schorre,MELODIA BY CORONA,Sistek,2025-07-26 21:00:00,2025-07-26 22:30:00,
Tomorrowland,2025,De Schorre,PLANAXIS,Blastoyz,2025-07-26 21:00:00,2025-07-26 22:00:00,
Tomorrowland,2025,De Schorre,PLANAXIS,WHITENO1SE,2025-07-26 21:00:00,2025-07-26 22:00:00,
Tomorrowland,2025,De Schorre,RISE BY COCA-COLA,Third Party,2025-07-26 21:00:00,2025-07-26 22:00:00,
Tomorrowland,2025,De Schorre,THE RAVE CAVE,The Magic Brothers (Franky Jones & Francois Maas),2025-07-26 21:00:00,2025-07-26 22:30:00,
Tomorrowland,2025,De Schorre,THE ROSE GARDEN,A-Tom-X,2025-07-26 21:00:00,2025-07-26 22:00:00,
Tomorrowland,2025,De Schorre,MAINSTAGE,Anyma,2025-07-26 21:25:00,2025-07-26 22:25:00,
Tomorrowland,2025,De Schorre,THE GREAT LIBRARY,Lost Frequencies,2025-07-26 21:30:00,2025-07-26 22:45:00,
Tomorrowland,2025,De Schorre,ATMOSPHERE,DJ Gigola,2025-07-26 22:00:00,2025-07-26 23:00:00,
Tomorrowland,2025,De Schorre,CORE,DJ Tennis,2025-07-26 22:00:00,2025-07-26 23:30:00,
Tomorrowland,2025,De Schorre,ELIXIR,Dieux Pere,2025-07-26 22:00:00,2025-07-26 23:00:00,
Tomorrowland,2025,De Schorre,ELIXIR,Jahwin,2025-07-26 22:00:00,2025-07-26 23:00:00,
Tomorrowland,2025,De Schorre,FREEDOM BY BUD,Solomun,2025-07-26 22:00:00,2025-07-27 00:30:00,
Tomorrowland,2025,De Schorre,PLANAXIS,Alexander Popov,2025-07-26 22:00:00,2025-07-26 23:00:00,
Tomorrowland,2025,De Schorre,PLANAXIS,Re-Twin,2025-07-26 22:00:00,2025-07-26 23:00:00,
Tomorrowland,2025,De Schorre,PLANAXIS,Roman Messer,2025-07-26 22:00:00,2025-07-26 23:00:00,
Tomorrowland,2025,De Schorre,RISE BY COCA-COLA,Mariana Bo,2025-07-26 22:00:00,2025-07-26 23:00:00,
Tomorrowland,2025,De Schorre,THE ROSE GARDEN,Seelen,2025-07-26 22:00:00,2025-07-26 23:00:00,
Tomorrowland,2025,De Schorre,CRYSTAL GARDEN,Fisher,2025-07-26 22:30:00,2025-07-27 00:30:00,
Tomorrowland,2025,De Schorre,MAINSTAGE,Dimitri Vegas & Like Mike,2025-07-26 22:30:00,2025-07-26 23:45:00,
Tomorrowland,2025,De Schorre,MELODIA BY CORONA,ARKADYAN,2025-07-26 22:30:00,2025-07-27 00:00:00,
Tomorrowland,2025,De Schorre,THE RAVE CAVE,Mr. Joy,2025-07-26 22:30:00,2025-07-27 00:00:00,
Tomorrowland,2025,De Schorre,THE GREAT LIBRARY,Oliver Heldens,2025-07-26 22:45:00,2025-07-27 00:00:00,
Tomorrowland,2025,De Schorre,ATMOSPHERE,Job Jobse,2025-07-26 23:00:00,2025-07-27 00:00:00,
Tomorrowland,2025,De Schorre,ELIXIR,Nayla,2025-07-26 23:00:00,2025-07-27 00:00:00,
Tomorrowland,2025,De Schorre,ELIXIR,Rockefellababe,2025-07-26 23:00:00,2025-07-27 00:00:00,
Tomorrowland,2025,De Schorre,PLANAXIS,Stryker,2025-07-26 23:00:00,2025-07-27 00:00:00,
Tomorrowland,2025,De Schorre,THE ROSE GARDEN,Christophe,2025-07-26 23:00:00,2025-07-27 00:00:00,
Tomorrowland,2025,De Schorre,CORE,Âme (Live),2025-07-26 23:30:00,2025-07-27 00:50:00,
Tomorrowland,2025,De Schorre,CORE,Curses,2025-07-26 23:30:00,2025-07-27 00:50:00,
Tomorrowland,2025,De Schorre,MAINSTAGE,Amelie Lens,2025-07-26 23:50:00,2025-07-27 00:50:00,
Tomorrowland,2025,De Schorre,ATMOSPHERE,DJ Gigola,2025-07-27 00:00:00,2025-07-27 00:55:00,
Tomorrowland,2025,De Schorre,ATMOSPHERE,Job Jobse,2025-07-27 00:00:00,2025-07-27 00:55:00,
Tomorrowland,2025,De Schorre,ELIXIR,MELV!EE,2025-07-27 00:00:00,2025-07-27 01:00:00,
Tomorrowland,2025,De Schorre,THE GREAT LIBRARY,Netsky,2025-07-27 00:00:00,2025-07-27 00:55:00,
Tomorrowland,2025,De Schorre,THE RAVE CAVE,Moritz Hofbauer,2025-07-27 00:00:00,2025-07-27 01:00:00,
Tomorrowland,2025,De Schorre,THE ROSE GARDEN,Christophe b2b Seelen,2025-07-27 00:00:00,2025-07-27 01:00:00,
Tomorrowland,2025,De Schorre,ATMOSPHERE,Miamor,2025-07-27 12:00:00,2025-07-27 13:30:00,
Tomorrowland,2025,De Schorre,CAGE,DJ Archie,2025-07-27 12:00:00,2025-07-27 13:30:00,
Tomorrowland,2025,De Schorre,CORE,Erykah,2025-07-27 12:00:00,2025-07-27 14:00:00,
Tomorrowland,2025,De Schorre,CRYSTAL GARDEN,Naomi Cazier,2025-07-27 12:00:00,2025-07-27 14:00:00,
Tomorrowland,2025,De Schorre,FREEDOM BY BUD,Belben,2025-07-27 12:00:00,2025-07-27 14:00:00,
Tomorrowland,2025,De Schorre,FREEDOM BY BUD,Buddy95,2025-07-27 12:00:00,2025-07-27 14:00:00,
Tomorrowland,2025,De Schorre,MAINSTAGE,Daybreak: Push,2025-07-27 12:00:00,2025-07-27 14:30:00,
Tomorrowland,2025,De Schorre,MELODIA BY CORONA,Bobbi Antonni,2025-07-27 12:00:00,2025-07-27 13:30:00,
Tomorrowland,2025,De Schorre,MOOSEBAR,Les Mecs Eclectics,2025-07-27 12:00:00,2025-07-27 16:00:00,
Tomorrowland,2025,De Schorre,PLANAXIS,X-TOF,2025-07-27 12:00:00,2025-07-27 13:00:00,
Tomorrowland,2025,De Schorre,THE GREAT LIBRARY,Chapter & Verse,2025-07-27 12:00:00,2025-07-27 13:00:00,
Tomorrowland,2025,De Schorre,THE RAVE CAVE,Benny,2025-07-27 12:00:00,2025-07-27 14:00:00,
Tomorrowland,2025,De Schorre,THE RAVE CAVE,YERUN,2025-07-27 12:00:00,2025-07-27 14:00:00,
Tomorrowland,2025,De Schorre,THE ROSE GARDEN,The Z.,2025-07-27 12:00:00,2025-07-27 13:00:00,
Tomorrowland,2025,De Schorre,RISE BY COCA-COLA,DJ Jules,2025-07-27 12:30:00,2025-07-27 13:30:00,
Tomorrowland,2025,De Schorre,ELIXIR,UNEAK,2025-07-27 13:00:00,2025-07-27 14:00:00,
Tomorrowland,2025,De Schorre,HOUSE OF FORTUNE BY JBL,Phuture Traxx,2025-07-27 13:00:00,2025-07-27 14:00:00,
Tomorrowland,2025,De Schorre,PLANAXIS,Shapov,2025-07-27 13:00:00,2025-07-27 14:00:00,
Tomorrowland,2025,De Schorre,THE GREAT LIBRARY,Lucca van Damme,2025-07-27 13:00:00,2025-07-27 14:00:00,
Tomorrowland,2025,De Schorre,THE ROSE GARDEN,Galactixx,2025-07-27 13:00:00,2025-07-27 14:00:00,
Tomorrowland,2025,De Schorre,ATMOSPHERE,Portex,2025-07-27 13:30:00,2025-07-27 15:00:00,
Tomorrowland,2025,De Schorre,CAGE,DJ Battery,2025-07-27 13:30:00,2025-07-27 15:00:00,
Tomorrowland,2025,De Schorre,MELODIA BY CORONA,Cristiano Da Silva,2025-07-27 13:30:00,2025-07-27 15:30:00,
Tomorrowland,2025,De Schorre,RISE BY COCA-COLA,DJ Lex,2025-07-27 13:30:00,2025-07-27 14:30:00,
Tomorrowland,2025,De Schorre,CORE,Séa,2025-07-27 14:00:00,2025-07-27 16:00:00,
Tomorrowland,2025,De Schorre,CRYSTAL GARDEN,Curol,2025-07-27 14:00:00,2025-07-27 16:00:00,
Tomorrowland,2025,De Schorre,ELIXIR,FLASH,2025-07-27 14:00:00,2025-07-27 15:00:00,
Tomorrowland,2025,De Schorre,FREEDOM BY BUD,Cincity,2025-07-27 14:00:00,2025-07-27 15:30:00,
Tomorrowland,2025,De Schorre,HOUSE OF FORTUNE BY JBL,Braden Detelich,2025-07-27 14:00:00,2025-07-27 14:30:00,
Tomorrowland,2025,De Schorre,PLANAXIS,Thomas Newson,2025-07-27 14:00:00,2025-07-27 15:00:00,
Tomorrowland,2025,De Schorre,THE GREAT LIBRARY,Tungevaag,2025-07-27 14:00:00,2025-07-27 15:00:00,
Tomorrowland,2025,De Schorre,THE RAVE CAVE,Nederhand,2025-07-27 14:00:00,2025-07-27 15:00:00,
Tomorrowland,2025,De Schorre,THE ROSE GARDEN,Maxtreme,2025-07-27 14:00:00,2025-07-27 15:00:00,
Tomorrowland,2025,De Schorre,HOUSE OF FORTUNE BY JBL,Laureano Sanchez,2025-07-27 14:30:00,2025-07-27 15:00:00,
Tomorrowland,2025,De Schorre,MAINSTAGE,Mr. Belt & Wezol,2025-07-27 14:30:00,2025-07-27 15:30:00,
Tomorrowland,2025,De Schorre,RISE BY COCA-COLA,DJ Maxime,2025-07-27 14:30:00,2025-07-27 15:30:00,
Tomorrowland,2025,De Schorre,ATMOSPHERE,Acid Asian,2025-07-27 15:00:00,2025-07-27 16:30:00,
Tomorrowland,2025,De Schorre,CAGE,One87,2025-07-27 15:00:00,2025-07-27 16:00:00,
Tomorrowland,2025,De Schorre,ELIXIR,Brooke Bailey,2025-07-27 15:00:00,2025-07-27 16:00:00,
Tomorrowland,2025,De Schorre,HOUSE OF FORTUNE BY JBL,Lofin,2025-07-27 15:00:00,2025-07-27 15:30:00,
Tomorrowland,2025,De Schorre,PLANAXIS,MOTi,2025-07-27 15:00:00,2025-07-27 16:00:00,
Tomorrowland,2025,De Schorre,THE GREAT LIBRARY,Viktor,2025-07-27 15:00:00,2025-07-27 16:00:00,
Tomorrowland,2025,De Schorre,THE RAVE CAVE,EME,2025-07-27 15:00:00,2025-07-27 16:00:00,
Tomorrowland,2025,De Schorre,THE ROSE GARDEN,Demi Kanon,2025-07-27 15:00:00,2025-07-27 16:00:00,
Tomorrowland,2025,De Schorre,FREEDOM BY BUD,Kryder,2025-07-27 15:30:00,2025-07-27 16:30:00,
Tomorrowland,2025,De Schorre,HOUSE OF FORTUNE BY JBL,Jumbogoatxxl,2025-07-27 15:30:00,2025-07-27 16:00:00,
Tomorrowland,2025,De Schorre,MAINSTAGE,BENNETT,2025-07-27 15:30:00,2025-07-27 16:30:00,
Tomorrowland,2025,De Schorre,MELODIA BY CORONA,Valentín Huedo,2025-07-27 15:30:00,2025-07-27 17:00:00,
Tomorrowland,2025,De Schorre,RISE BY COCA-COLA,DJ F.R.A.N.K,2025-07-27 15:30:00,2025-07-27 22:00:00,
Tomorrowland,2025,De Schorre,CAGE,Maze,2025-07-27 16:00:00,2025-07-27 17:00:00,
Tomorrowland,2025,De Schorre,CORE,FKA.M4A,2025-07-27 16:00:00,2025-07-27 18:00:00,
Tomorrowland,2025,De Schorre,CRYSTAL GARDEN,Marten Lou,2025-07-27 16:00:00,2025-07-27 17:30:00,
Tomorrowland,2025,De Schorre,ELIXIR,NC,2025-07-27 16:00:00,2025-07-27 17:00:00,
Tomorrowland,2025,De Schorre,HOUSE OF FORTUNE BY JBL,ADAM K,2025-07-27 16:00:00,2025-07-27 17:00:00,
Tomorrowland,2025,De Schorre,MOOSEBAR,Jan V,2025-07-27 16:00:00,2025-07-27 19:00:00,
Tomorrowland,2025,De Schorre,PLANAXIS,Angemi,2025-07-27 16:00:00,2025-07-27 17:00:00,
Tomorrowland,2025,De Schorre,THE GREAT LIBRARY,BYØRN,2025-07-27 16:00:00,2025-07-27 17:00:00,
Tomorrowland,2025,De Schorre,THE RAVE CAVE,JOULIE,2025-07-27 16:00:00,2025-07-27 17:00:00,
Tomorrowland,2025,De Schorre,THE ROSE GARDEN,Pat B,2025-07-27 16:00:00,2025-07-27 17:00:00,
Tomorrowland,2025,De Schorre,ATMOSPHERE,Space 92,2025-07-27 16:30:00,2025-07-27 18:00:00,
Tomorrowland,2025,De Schorre,FREEDOM BY BUD,Cassian,2025-07-27 16:30:00,2025-07-27 18:00:00,
Tomorrowland,2025,De Schorre,MAINSTAGE,R3HAB,2025-07-27 16:30:00,2025-07-27 17:30:00,
Tomorrowland,2025,De Schorre,CAGE,Titan,2025-07-27 17:00:00,2025-07-27 18:00:00,
Tomorrowland,2025,De Schorre,ELIXIR,Jade Soul,2025-07-27 17:00:00,2025-07-27 18:00:00,
Tomorrowland,2025,De Schorre,HOUSE OF FORTUNE BY JBL,Carly Wilford,2025-07-27 17:00:00,2025-07-27 18:00:00,
Tomorrowland,2025,De Schorre,MELODIA BY CORONA,Oriol Calvo,2025-07-27 17:00:00,2025-07-27 18:30:00,
Tomorrowland,2025,De Schorre,PLANAXIS,MOGUAI,2025-07-27 17:00:00,2025-07-27 18:00:00,
Tomorrowland,2025,De Schorre,THE GREAT LIBRARY,Sigala,2025-07-27 17:00:00,2025-07-27 18:00:00,
Tomorrowland,2025,De Schorre,THE RAVE CAVE,OM3N,2025-07-27 17:00:00,2025-07-27 18:00:00,
Tomorrowland,2025,De Schorre,THE ROSE GARDEN,Wildstylez,2025-07-27 17:00:00,2025-07-27 18:00:00,
Tomorrowland,2025,De Schorre,CRYSTAL GARDEN,Antdot,2025-07-27 17:30:00,2025-07-27 19:00:00,
Tomorrowland,2025,De Schorre,MAINSTAGE,Mahmut Orhan,2025-07-27 17:35:00,2025-07-27 18:35:00,
Tomorrowland,2025,De Schorre,ATMOSPHERE,Bad Boombox,2025-07-27 18:00:00,2025-07-27 19:30:00,
Tomorrowland,2025,De Schorre,CAGE,Captain Bass,2025-07-27 18:00:00,2025-07-27 19:00:00,
Tomorrowland,2025,De Schorre,CORE,Joy Orbison,2025-07-27 18:00:00,2025-07-27 20:00:00,
Tomorrowland,2025,De Schorre,ELIXIR,VALENTINO IGNOTO,2025-07-27 18:00:00,2025-07-27 19:00:00,
Tomorrowland,2025,De Schorre,FREEDOM BY BUD,Miss Monique,2025-07-27 18:00:00,2025-07-27 19:30:00,
Tomorrowland,2025,De Schorre,HOUSE OF FORTUNE BY JBL,Mairee,2025-07-27 18:00:00,2025-07-27 19:00:00,
Tomorrowland,2025,De Schorre,PLANAXIS,Dannic x Dyro,2025-07-27 18:00:00,2025-07-27 19:00:00,
Tomorrowland,2025,De Schorre,THE GREAT LIBRARY,Joel Corry,2025-07-27 18:00:00,2025-07-27 19:00:00,
Tomorrowland,2025,De Schorre,THE RAVE CAVE,Noaffection,2025-07-27 18:00:00,2025-07-27 19:00:00,
Tomorrowland,2025,De Schorre,THE ROSE GARDEN,Sub Zero Project,2025-07-27 18:00:00,2025-07-27 19:30:00,
Tomorrowland,2025,De Schorre,MELODIA BY CORONA,Alex Kennon,2025-07-27 18:30:00,2025-07-27 20:30:00,
Tomorrowland,2025,De Schorre,MAINSTAGE,Mind Against,2025-07-27 18:35:00,2025-07-27 19:35:00,
Tomorrowland,2025,De Schorre,CAGE,Gino,2025-07-27 19:00:00,2025-07-27 20:00:00,
Tomorrowland,2025,De Schorre,CRYSTAL GARDEN,Hugel,2025-07-27 19:00:00,2025-07-27 20:30:00,
Tomorrowland,2025,De Schorre,ELIXIR,Dany Neville,2025-07-27 19:00:00,2025-07-27 20:00:00,
Tomorrowland,2025,De Schorre,HOUSE OF FORTUNE BY JBL,DJ Ward,2025-07-27 19:00:00,2025-07-27 20:00:00,
Tomorrowland,2025,De Schorre,MOOSEBAR,FeestDJRuud,2025-07-27 19:00:00,2025-07-27 19:20:00,
Tomorrowland,2025,De Schorre,PLANAXIS,DVBBS,2025-07-27 19:00:00,2025-07-27 20:00:00,
Tomorrowland,2025,De Schorre,THE GREAT LIBRARY,MATTN,2025-07-27 19:00:00,2025-07-27 20:00:00,
Tomorrowland,2025,De Schorre,THE RAVE CAVE,Toone,2025-07-27 19:00:00,2025-07-27 20:00:00,
Tomorrowland,2025,De Schorre,MOOSEBAR,Milano,2025-07-27 19:20:00,2025-07-28 00:00:00,
Tomorrowland,2025,De Schorre,ATMOSPHERE,Amber Broos,2025-07-27 19:30:00,2025-07-27 21:30:00,
Tomorrowland,2025,De Schorre,FREEDOM BY BUD,Lost Frequencies,2025-07-27 19:30:00,2025-07-27 20:30:00,
Tomorrowland,2025,De Schorre,THE ROSE GARDEN,TNT,2025-07-27 19:30:00,2025-07-27 20:30:00,
Tomorrowland,2025,De Schorre,MAINSTAGE,Nico Moreno,2025-07-27 19:40:00,2025-07-27 20:40:00,
Tomorrowland,2025,De Schorre,CAGE,DJ Phantasy,2025-07-27 20:00:00,2025-07-27 21:00:00,
Tomorrowland,2025,De Schorre,CORE,Patrick Mason (house set),2025-07-27 20:00:00,2025-07-27 22:00:00,
Tomorrowland,2025,De Schorre,ELIXIR,IRWAN ft. RICO GREENE,2025-07-27 20:00:00,2025-07-27 21:00:00,
Tomorrowland,2025,De Schorre,HOUSE OF FORTUNE BY JBL,Vize,2025-07-27 20:00:00,2025-07-27 21:00:00,
Tomorrowland,2025,De Schorre,PLANAXIS,Yves V,2025-07-27 20:00:00,2025-07-27 21:00:00,
Tomorrowland,2025,De Schorre,THE GREAT LIBRARY,Vini Vici,2025-07-27 20:00:00,2025-07-27 21:00:00,
Tomorrowland,2025,De Schorre,THE RAVE CAVE,Muze,2025-07-27 20:00:00,2025-07-27 21:00:00,
Tomorrowland,2025,De Schorre,CRYSTAL GARDEN,Like Mike,2025-07-27 20:30:00,2025-07-27 22:00:00,
Tomorrowland,2025,De Schorre,FREEDOM BY BUD,Deadmau5,2025-07-27 20:30:00,2025-07-27 21:30:00,
Tomorrowland,2025,De Schorre,MELODIA BY CORONA,Eli Rojas,2025-07-27 20:30:00,2025-07-27 21:30:00,
Tomorrowland,2025,De Schorre,THE ROSE GARDEN,Mark With a K & MC Chucky,2025-07-27 20:30:00,2025-07-27 21:00:00,
Tomorrowland,2025,De Schorre,MAINSTAGE,Dimitri Vegas (Vinyl Only),2025-07-27 20:40:00,2025-07-27 21:40:00,
Tomorrowland,2025,De Schorre,CAGE,Katy Rough,2025-07-27 21:00:00,2025-07-27 22:00:00,
Tomorrowland,2025,De Schorre,ELIXIR,MIRO,2025-07-27 21:00:00,2025-07-27 22:00:00,
Tomorrowland,2025,De Schorre,HOUSE OF FORTUNE BY JBL,BENNETT,2025-07-27 21:00:00,2025-07-27 22:00:00,
Tomorrowland,2025,De Schorre,PLANAXIS,Regi,2025-07-27 21:00:00,2025-07-27 22:00:00,
Tomorrowland,2025,De Schorre,THE GREAT LIBRARY,Bassjackers,2025-07-27 21:00:00,2025-07-27 22:00:00,
Tomorrowland,2025,De Schorre,THE RAVE CAVE,Mr. Rewind,2025-07-27 21:00:00,2025-07-27 22:00:00,
Tomorrowland,2025,De Schorre,THE ROSE GARDEN,Rebelion,2025-07-27 21:00:00,2025-07-27 22:00:00,
Tomorrowland,2025,De Schorre,ATMOSPHERE,Adam Beyer,2025-07-27 21:30:00,2025-07-27 23:00:00,
Tomorrowland,2025,De Schorre,FREEDOM BY BUD,Sara Landry,2025-07-27 21:30:00,2025-07-27 23:00:00,
Tomorrowland,2025,De Schorre,MELODIA BY CORONA,Delafino,2025-07-27 21:30:00,2025-07-27 23:00:00,
Tomorrowland,2025,De Schorre,MELODIA BY CORONA,Luna Fino,2025-07-27 21:30:00,2025-07-27 23:00:00,
Tomorrowland,2025,De Schorre,MAINSTAGE,Steve Aoki,2025-07-27 21:45:00,2025-07-27 22:45:00,
Tomorrowland,2025,De Schorre,CAGE,Meguru,2025-07-27 22:00:00,2025-07-27 23:00:00,
Tomorrowland,2025,De Schorre,CORE,The Blessed Madonna,2025-07-27 22:00:00,2025-07-27 23:50:00,
Tomorrowland,2025,De Schorre,CRYSTAL GARDEN,Gordo,2025-07-27 22:00:00,2025-07-27 23:30:00,
Tomorrowland,2025,De Schorre,CRYSTAL GARDEN,Loco Dice,2025-07-27 22:00:00,2025-07-27 23:30:00,
Tomorrowland,2025,De Schorre,ELIXIR,Guilini,2025-07-27 22:00:00,2025-07-27 23:00:00,
Tomorrowland,2025,De Schorre,PLANAXIS,Nicky Romero,2025-07-27 22:00:00,2025-07-27 23:00:00,
Tomorrowland,2025,De Schorre,THE GREAT LIBRARY,Afrojack,2025-07-27 22:00:00,2025-07-27 23:00:00,
Tomorrowland,2025,De Schorre,THE RAVE CAVE,D. Guaetta,2025-07-27 22:00:00,2025-07-27 23:00:00,
Tomorrowland,2025,De Schorre,THE ROSE GARDEN,Dual Damage,2025-07-27 22:00:00,2025-07-27 23:00:00,
Tomorrowland,2025,De Schorre,MAINSTAGE,Martin Garrix,2025-07-27 22:50:00,2025-07-27 23:50:00,
Tomorrowland,2025,De Schorre,ATMOSPHERE,DYEN,2025-07-27 23:00:00,2025-07-27 23:55:00,
Tomorrowland,2025,De Schorre,ATMOSPHERE,MANDY,2025-07-27 23:00:00,2025-07-27 23:55:00,
Tomorrowland,2025,De Schorre,ELIXIR,CHAM,2025-07-27 23:00:00,2025-07-28 00:00:00,
Tomorrowland,2025,De Schorre,PLANAXIS,LNY TNZ,2025-07-27 23:00:00,2025-07-27 23:50:00,
Tomorrowland,2025,De Schorre,THE GREAT LIBRARY,Dimitri Vegas,2025-07-27 23:00:00,2025-07-27 23:55:00,
Tomorrowland,2025,De Schorre,THE GREAT LIBRARY,Timmy Trumpet,2025-07-27 23:00:00,2025-07-27 23:55:00,
Tomorrowland,2025,De Schorre,THE RAVE CAVE,Mell Tierra,2025-07-27 23:00:00,2025-07-28 00:00:00,
